name,gender
ابتسام,أنثى
ابتهاج,أنثى
ابتهال,أنثى
اجتهاد,أنثى
ازدهار,أنثى
اعتدال,أنثى
اعتماد,أنثى
افتخار,أنثى
افتكار,أنثى
البتول,أنثى
البندري,أنثى
الجازي,أنثى
الجوري,أنثى
الجوهرة,أنثى
الريم,أنثى
العنود,أنثى
الهنوف,أنثى
امتثال,أنثى
امتياز,أنثى
انبهاج,أنثى
انتصار,أنثى
انتظار,أنثى
انسجام,أنثى
انشراح,أنثى
انشراف,أنثى
آلاء,أنثى
آمال,أنثى
آمنة,أنثى
آيات,أنثى
آية,أنثى
أبرار,أنثى
أثير,أنثى
أثيل,أنثى
أحلام,أنثى
أرجوان,أنثى
أروى,أنثى
أريام,أنثى
أريج,أنثى
أزهار,أنثى
أسارير,أنثى
أسرار,أنثى
أسماء,أنثى
أسمى,أنثى
أسيل,أنثى
أشجان,أنثى
أطياف,أنثى
أغاريد,أنثى
أفراح,أنثى
أفكار,أنثى
أفنان,أنثى
ألطاف,أنثى
ألفت,أنثى
أم كلثوم,أنثى
أمارة,أنثى
أمال,أنثى
أمامة,أنثى
أماني,أنثى
أمجاد,أنثى
أمل,أنثى
أمنية,أنثى
أمواج,أنثى
أميرة,أنثى
أميمة,أنثى
أمينة,أنثى
أنسام,أنثى
أنغام,أنثى
أنهار,أنثى
أنوار,أنثى
أنيسة,أنثى
أوصاف,أنثى
إباء,أنثى
إجلال,أنثى
إحسان,أنثى
إخلاص,أنثى
إدراك,أنثى
إسراء,أنثى
إسعاد,أنثى
إصلاح,أنثى
إعزاز,أنثى
إقبال,أنثى
إقدام,أنثى
إكليل,أنثى
إنصاف,أنثى
إنعام,أنثى
إيثار,أنثى
إيمان,أنثى
إيناس,أنثى
بائقة,أنثى
بادرة,أنثى
بارزة,أنثى
بارعة,أنثى
باركة,أنثى
بارية,أنثى
بازعة,أنثى
باسطة,أنثى
باسقة,أنثى
باسلة,أنثى
بانة,أنثى
بتول,أنثى
بثينة,أنثى
بدرية,أنثى
بديعة,أنثى
براء,أنثى
بسمة,أنثى
بسيمة,أنثى
بشاير,أنثى
بشرى,أنثى
بشيرة,أنثى
بلقيس,أنثى
بليغة,أنثى
بهيجة,أنثى
بهيسة,أنثى
بيان,أنثى
تارا,أنثى
تالا,أنثى
تانيا,أنثى
تغاني,أنثى
تمارة,أنثى
تماضر,أنثى
تماني,أنثى
تهاني,أنثى
تودد,أنثى
توليب,أنثى
تولين,أنثى
تيسير,أنثى
تيماء,أنثى
ثراء,أنثى
ثناء,أنثى
ثوبة,أنثى
ثويبة,أنثى
جبرة,أنثى
جبلة,أنثى
جمانة,أنثى
جميلة,أنثى
جنا,أنثى
جنى,أنثى
جوان,أنثى
جواهر,أنثى
جود,أنثى
جوري,أنثى
جوهرة,أنثى
جوى,أنثى
جويرية,أنثى
جيداء,أنثى
جيهان,أنثى
حسناء,أنثى
حسنية,أنثى
حصة,أنثى
حفصة,أنثى
حكمت,أنثى
حليمة,أنثى
حنان,أنثى
حنيفة,أنثى
حور,أنثى
حوراء,أنثى
حورية,أنثى
حياة,أنثى
خاتمة,أنثى
خالدة,أنثى
خديجة,أنثى
خزامى,أنثى
خزنة,أنثى
خزينة,أنثى
خلود,أنثى
خولة,أنثى
دارين,أنثى
داليا,أنثى
دانا,أنثى
دانة,أنثى
دانيا,أنثى
دانية,أنثى
دعجاء,أنثى
دلال,أنثى
دنيا,أنثى
ديم,أنثى
ديما,أنثى
ديمة,أنثى
دينا,أنثى
ذبيانة,أنثى
ذكية,أنثى
رابعة,أنثى
راتبة,أنثى
راجحة,أنثى
راحيل,أنثى
راسخة,أنثى
راغبة,أنثى
رافقة,أنثى
رافية,أنثى
راقية,أنثى
راما,أنثى
رامة,أنثى
رانيا,أنثى
ربى,أنثى
رجاء,أنثى
رجيحة,أنثى
رحاب,أنثى
رحمة,أنثى
رحيق,أنثى
رخاء,أنثى
ردينة,أنثى
رزان,أنثى
رزينة,أنثى
رسمية,أنثى
رسيل,أنثى
رسيمة,أنثى
رشا,أنثى
رشيقة,أنثى
رصينة,أنثى
رضا,أنثى
رضوة,أنثى
رضوى,أنثى
رغد,أنثى
رفعة,أنثى
رفيدة,أنثى
رفيعة,أنثى
رفيف,أنثى
رقية,أنثى
رمزية,أنثى
رنا,أنثى
رند,أنثى
رنيم,أنثى
رهام,أنثى
رهف,أنثى
رهيفة,أنثى
رواء,أنثى
روابي,أنثى
روان,أنثى
روز,أنثى
روضة,أنثى
رولا,أنثى
رؤى,أنثى
ريا,أنثى
ريتا,أنثى
ريتاج,أنثى
ريتال,أنثى
ريحانة,أنثى
ريفان,أنثى
ريم,أنثى
ريما,أنثى
ريماس,أنثى
ريمة,أنثى
ريناد,أنثى
ريهام,أنثى
ريوف,أنثى
زاهية,أنثى
زبيدة,أنثى
زكية,أنثى
زهراء,أنثى
زهرة,أنثى
زهور,أنثى
زهية,أنثى
زينب,أنثى
زينة,أنثى
سؤدد,أنثى
سارا,أنثى
سارة,أنثى
سالي,أنثى
سامية,أنثى
ساندرا,أنثى
ساهدة,أنثى
ساهرة,أنثى
سبيعة,أنثى
سجى,أنثى
سحر,أنثى
سدر,أنثى
سدن,أنثى
سديم,أنثى
سدين,أنثى
سعاد,أنثى
سعدة,أنثى
سعيدة,أنثى
سفيانة,أنثى
سكينة,أنثى
سلامة,أنثى
سلطانة,أنثى
سلمى,أنثى
سلوى,أنثى
سمة,أنثى
سمر,أنثى
سمراء,أنثى
سمية,أنثى
سميحة,أنثى
سميرة,أنثى
سناء,أنثى
سندس,أنثى
سها,أنثى
سهاد,أنثى
سهام,أنثى
سهيلة,أنثى
سونيا,أنثى
سيرين,أنثى
سيلين,أنثى
شادن,أنثى
شاكرة,أنثى
شاهدة,أنثى
شاهرة,أنثى
شجن,أنثى
شجون,أنثى
شذى,أنثى
شروق,أنثى
شريفة,أنثى
شكرية,أنثى
شموخ,أنثى
شهد,أنثى
شهلاء,أنثى
شوق,أنثى
شيلاء,أنثى
شيماء,أنثى
شيهانة,أنثى
صائنة,أنثى
صابرة,أنثى
صبا,أنثى
صفا,أنثى
صفاء,أنثى
صفية,أنثى
صمود,أنثى
ضياء,أنثى
طامحة,أنثى
طريفة,أنثى
طيب,أنثى
طيف,أنثى
ظافرة,أنثى
ظبية,أنثى
عايدة,أنثى
عائدة,أنثى
عائذة,أنثى
عائشة,أنثى
عابدة,أنثى
عاتكة,أنثى
عاطفة,أنثى
عالية,أنثى
عبادة,أنثى
عبلة,أنثى
عبير,أنثى
عذاري,أنثى
عذبة,أنثى
عزة,أنثى
عزيزة,أنثى
عفاف,أنثى
علياء,أنثى
عنود,أنثى
عهد,أنثى
عهود,أنثى
عيدة,أنثى
غادة,أنثى
غرام,أنثى
غريبة,أنثى
غزل,أنثى
غزيل,أنثى
غصون,أنثى
غلا,أنثى
غناء,أنثى
غيثة,أنثى
غيد,أنثى
غيداء,أنثى
فائقة,أنثى
فاتن,أنثى
فادية,أنثى
فاطمة,أنثى
فتحية,أنثى
فتون,أنثى
فتيحة,أنثى
فجر,أنثى
فخرية,أنثى
فدوى,أنثى
فرح,أنثى
فردوس,أنثى
فريدة,أنثى
فصيحة,أنثى
فكرية,أنثى
فلوة,أنثى
فنن,أنثى
فهدة,أنثى
فهيمة,أنثى
فوزية,أنثى
فيروز,أنثى
قمر,أنثى
قنوت,أنثى
كاتيا,أنثى
كادي,أنثى
كاظمة,أنثى
كاملة,أنثى
كبرى,أنثى
كريمة,أنثى
كفى,أنثى
كندة,أنثى
كنزى,أنثى
كوثر,أنثى
كيان,أنثى
لوزت,أنثى
لولوة,أنثى
لؤلؤة,أنثى
لارا,أنثى
لانا,أنثى
لبانة,أنثى
لبنى,أنثى
لجين,أنثى
لجينة,أنثى
لذة,أنثى
لطفية,أنثى
لطيفة,أنثى
لمى,أنثى
لمياء,أنثى
لميس,أنثى
لهيفة,أنثى
ليال,أنثى
ليالي,أنثى
ليان,أنثى
ليلى,أنثى
لين,أنثى
لينا,أنثى
ماريا,أنثى
مارية,أنثى
ماهة,أنثى
ماهرة,أنثى
مبروكة,أنثى
متام,أنثى
مثابة,أنثى
مجاهدة,أنثى
مجيبة,أنثى
مجيدة,أنثى
مخلصة,أنثى
مدركة,أنثى
مديدة,أنثى
مرام,أنثى
مرح,أنثى
مرهفة,أنثى
مروة,أنثى
مروى,أنثى
مريم,أنثى
مزنة,أنثى
مزينة,أنثى
مساعدة,أنثى
مسفرة,أنثى
مسك,أنثى
مشاعل,أنثى
مصلحة,أنثى
مضاوي,أنثى
مطاعة,أنثى
مطيعة,أنثى
معصومة,أنثى
معطية,أنثى
معينة,أنثى
مغيثة,أنثى
مقبلة,أنثى
ملهمة,أنثى
ممدوحة,أنثى
منار,أنثى
مناصف,أنثى
منال,أنثى
مناير,أنثى
منتهى,أنثى
منذرة,أنثى
منصفة,أنثى
منى,أنثى
منيبة,أنثى
منيرة,أنثى
مها,أنثى
مهرة,أنثى
مهيبة,أنثى
موزة,أنثى
موهبة,أنثى
مي,أنثى
ميا,أنثى
ميادة,أنثى
ميار,أنثى
ميثاء,أنثى
ميرا,أنثى
ميس,أنثى
ميساء,أنثى
ميسون,أنثى
ميمونة,أنثى
ناجحة,أنثى
ناجدة,أنثى
نادية,أنثى
نادين,أنثى
ناشئة,أنثى
ناصحة,أنثى
ناهد,أنثى
ناهية,أنثى
نبيلة,أنثى
نبيهة,أنثى
نجد,أنثى
نجلاء,أنثى
نجوانة,أنثى
نجود,أنثى
نجيبة,أنثى
نجيحة,أنثى
نداء,أنثى
ندى,أنثى
نرجس,أنثى
نزيهة,أنثى
نسرين,أنثى
نسيم,أنثى
نشوة,أنثى
نشوى,أنثى
نصر,أنثى
نضال,أنثى
نظيرة,أنثى
نعمة,أنثى
نعيم,أنثى
نهاد,أنثى
نهال,أنثى
نهلة,أنثى
نهى,أنثى
نوار,أنثى
نوال,أنثى
نور,أنثى
نورا,أنثى
نورة,أنثى
نورس,أنثى
نورهان,أنثى
نوف,أنثى
هائلة,أنثى
هاجر,أنثى
هالة,أنثى
هانئة,أنثى
هبة,أنثى
هدى,أنثى
هدير,أنثى
هديل,أنثى
هناء,أنثى
هنادي,أنثى
هند,أنثى
هنوف,أنثى
هوازن,أنثى
هيام,أنثى
هيفاء,أنثى
وتين,أنثى
وجدان,أنثى
ود,أنثى
وديعة,أنثى
ورد,أنثى
وردة,أنثى
وسام,أنثى
وسن,أنثى
وسيمة,أنثى
وضحى,أنثى
وعد,أنثى
وفاء,أنثى
وفيقة,أنثى
ولاء,أنثى
ولهانة,أنثى
وليفة,أنثى
وميض,أنثى
وهبة,أنثى
يارا,أنثى
ياسمين,أنثى
يسرا,أنثى
يسرى,أنثى
يمن,أنثى
يمنى,أنثى
ابراهيم,ذكر
اسلم,ذكر
البراء,ذكر
الحبيب,ذكر
الخضر,ذكر
العابدين,ذكر
المثنى,ذكر
آدم,ذكر
أبان,ذكر
أبلج,ذكر
أبو بكر,ذكر
أجاويد,ذكر
أجيد,ذكر
أحمد,ذكر
أحنف,ذكر
أخزم,ذكر
أخضر,ذكر
أخطب,ذكر
أدعج,ذكر
أدغم,ذكر
أدهم,ذكر
أديب,ذكر
أرغد,ذكر
أرقم,ذكر
أريب,ذكر
أزهر,ذكر
أزور,ذكر
أسامة,ذكر
أسد,ذكر
أسعد,ذكر
أسلم,ذكر
أسمر,ذكر
أشجع,ذكر
أشرف,ذكر
أشرم,ذكر
أشقر,ذكر
أشهب,ذكر
أشهم,ذكر
أشيم,ذكر
أصيل,ذكر
أعسر,ذكر
أغلب,ذكر
أغيد,ذكر
أكبر,ذكر
أكثم,ذكر
أكرم,ذكر
أكمل,ذكر
أمان,ذكر
أمجد,ذكر
أمية,ذكر
أمير,ذكر
أمين,ذكر
أنس,ذكر
أنعم,ذكر
أنمار,ذكر
أنور,ذكر
أهيم,ذكر
أوس,ذكر
أويس,ذكر
أيسر,ذكر
أيمن,ذكر
أيهم,ذكر
أيوب,ذكر
إبراهيم,ذكر
إحسان,ذكر
إدريس,ذكر
إسحاق,ذكر
إسلام,ذكر
إسماعيل,ذكر
إمام,ذكر
إياد,ذكر
إياس,ذكر
إيهاب,ذكر
باتل,ذكر
بادي,ذكر
بارح,ذكر
بارع,ذكر
باسط,ذكر
باسق,ذكر
باسل,ذكر
باسم,ذكر
باشق,ذكر
باهر,ذكر
بدر,ذكر
بديع,ذكر
براء,ذكر
برد,ذكر
برهان,ذكر
بسام,ذكر
بسيم,ذكر
بشار,ذكر
بشارة,ذكر
بشر,ذكر
بشير,ذكر
بطاح,ذكر
بطرس,ذكر
بكار,ذكر
بكر,ذكر
بكري,ذكر
بلال,ذكر
بليغ,ذكر
بندر,ذكر
بهاء,ذكر
بهجت,ذكر
بهلول,ذكر
بهيج,ذكر
تائب,ذكر
تامر,ذكر
تركي,ذكر
تغلب,ذكر
تقي,ذكر
تليد,ذكر
تمام,ذكر
تميم,ذكر
تواب,ذكر
توفيق,ذكر
تيسير,ذكر
تيم,ذكر
ثائب,ذكر
ثائر,ذكر
ثابت,ذكر
ثروت,ذكر
ثنيان,ذكر
ثواب,ذكر
جابر,ذكر
جازم,ذكر
جاسم,ذكر
جامع,ذكر
جبر,ذكر
جبران,ذكر
جبل,ذكر
جدعان,ذكر
جراح,ذكر
جرير,ذكر
جساس,ذكر
جعفر,ذكر
جلال,ذكر
جليل,ذكر
جمال,ذكر
جمعان,ذكر
جمعة,ذكر
جميل,ذكر
جنادة,ذكر
جندل,ذكر
جهاد,ذكر
جواد,ذكر
جودة,ذكر
جودت,ذكر
حاتم,ذكر
حارب,ذكر
حارث,ذكر
حازم,ذكر
حاشد,ذكر
حافظ,ذكر
حامد,ذكر
حجاب,ذكر
حجاج,ذكر
حجر,ذكر
حزام,ذكر
حزم,ذكر
حسام,ذكر
حسان,ذكر
حسن,ذكر
حسني,ذكر
حسنين,ذكر
حسون,ذكر
حسين,ذكر
حصيف,ذكر
حفص,ذكر
حكيم,ذكر
حماد,ذكر
حمد,ذكر
حمدان,ذكر
حمدون,ذكر
حمزة,ذكر
حميد,ذكر
حنبل,ذكر
حنشل,ذكر
حنظلة,ذكر
حواس,ذكر
حيدر,ذكر
خاتم,ذكر
خازن,ذكر
خالد,ذكر
خالص,ذكر
خباب,ذكر
خزعل,ذكر
خضر,ذكر
خطاب,ذكر
خلدون,ذكر
خلف,ذكر
خليفة,ذكر
خليل,ذكر
خليوي,ذكر
خميس,ذكر
خويلد,ذكر
داني,ذكر
داود,ذكر
داوود,ذكر
دحام,ذكر
درغام,ذكر
دريد,ذكر
دعيج,ذكر
دغيم,ذكر
دهيم,ذكر
ذاكر,ذكر
ذباح,ذكر
ذبيان,ذكر
ذعار,ذكر
ذياب,ذكر
رأفت,ذكر
رؤوف,ذكر
رئيف,ذكر
رائد,ذكر
رائض,ذكر
رائف,ذكر
رابح,ذكر
راتب,ذكر
راجح,ذكر
راجي,ذكر
راسخ,ذكر
راسم,ذكر
راشد,ذكر
راضي,ذكر
راغب,ذكر
راغد,ذكر
رافد,ذكر
رافع,ذكر
رافق,ذكر
رافي,ذكر
راكان,ذكر
رامز,ذكر
رامي,ذكر
رباح,ذكر
ربحي,ذكر
ربيح,ذكر
ربيع,ذكر
رجاء,ذكر
رجب,ذكر
رحال,ذكر
رديف,ذكر
رزق,ذكر
رزين,ذكر
رسمي,ذكر
رسول,ذكر
رسيم,ذكر
رشاد,ذكر
رشوان,ذكر
رشيد,ذكر
رشيق,ذكر
رصين,ذكر
رضا,ذكر
رضوان,ذكر
رضي,ذكر
رعد,ذكر
رغال,ذكر
رغيب,ذكر
رغيد,ذكر
رفاعة,ذكر
رفاعي,ذكر
رفعت,ذكر
رفيع,ذكر
رفيق,ذكر
ركان,ذكر
ركين,ذكر
رماح,ذكر
رمزي,ذكر
رمضان,ذكر
رهيف,ذكر
رويشد,ذكر
رياض,ذكر
ريان,ذكر
زاخر,ذكر
زاكي,ذكر
زاهد,ذكر
زاهر,ذكر
زاهي,ذكر
زايد,ذكر
زبير,ذكر
زغلول,ذكر
زكريا,ذكر
زهير,ذكر
زياد,ذكر
زيد,ذكر
زيدان,ذكر
زيدون,ذكر
زين,ذكر
ساجد,ذكر
ساجر,ذكر
ساجع,ذكر
ساجي,ذكر
سادن,ذكر
سارح,ذكر
ساري,ذكر
ساطع,ذكر
ساعد,ذكر
ساعف,ذكر
سالم,ذكر
سامح,ذكر
سامر,ذكر
سامي,ذكر
ساهد,ذكر
ساهر,ذكر
سبع,ذكر
ستار,ذكر
سحيم,ذكر
سداد,ذكر
سراج,ذكر
سرمد,ذكر
سرور,ذكر
سطام,ذكر
سعد,ذكر
سعدون,ذكر
سعود,ذكر
سعيد,ذكر
سفيان,ذكر
سلام,ذكر
سلامة,ذكر
سلطان,ذكر
سلمان,ذكر
سلمة,ذكر
سليم,ذكر
سمعان,ذكر
سمعون,ذكر
سميح,ذكر
سمير,ذكر
سميع,ذكر
سنان,ذكر
سهل,ذكر
سهيل,ذكر
سويد,ذكر
سيار,ذكر
سيد,ذكر
سيف,ذكر
شادي,ذكر
شافع,ذكر
شافي,ذكر
شاكر,ذكر
شامخ,ذكر
شاهد,ذكر
شاهر,ذكر
شبل,ذكر
شبيب,ذكر
شجاع,ذكر
شداد,ذكر
شديد,ذكر
شريح,ذكر
شعبان,ذكر
شعيب,ذكر
شفيع,ذكر
شفيق,ذكر
شكري,ذكر
شكور,ذكر
شماخ,ذكر
شمر,ذكر
شمس الدين,ذكر
شهاب,ذكر
شهم,ذكر
شهيد,ذكر
شوقي,ذكر
شوكت,ذكر
شيبان,ذكر
شيبة,ذكر
صائن,ذكر
صابر,ذكر
صادح,ذكر
صادر,ذكر
صارم,ذكر
صاعد,ذكر
صافي,ذكر
صباح,ذكر
صبيح,ذكر
صدام,ذكر
صديق,ذكر
صفوان,ذكر
صفوت,ذكر
صقر,ذكر
صلاح,ذكر
صلاح الدين,ذكر
صمد,ذكر
صمصام,ذكر
صميم,ذكر
صهيب,ذكر
ضاري,ذكر
ضاهر,ذكر
ضاوي,ذكر
ضرار,ذكر
ضرام,ذكر
ضياء,ذكر
ضيغم,ذكر
ضيف,ذكر
طارق,ذكر
طامح,ذكر
طاهر,ذكر
طريف,ذكر
طلال,ذكر
طموح,ذكر
ظافر,ذكر
ظاهر,ذكر
ظفار,ذكر
ظفير,ذكر
عايض,ذكر
عائد,ذكر
عائذ,ذكر
عائض,ذكر
عابد,ذكر
عادل,ذكر
عارف,ذكر
عازم,ذكر
عاطف,ذكر
عاكف,ذكر
عامر,ذكر
عباد,ذكر
عبادة,ذكر
عباس,ذكر
عبدالباسط,ذكر
عبدالباقي,ذكر
عبدالبصير,ذكر
عبدالجبار,ذكر
عبدالجليل,ذكر
عبدالجميل,ذكر
عبدالحفيظ,ذكر
عبدالحق,ذكر
عبدالحكيم,ذكر
عبدالحليم,ذكر
عبدالحميد,ذكر
عبدالحي,ذكر
عبدالخالق,ذكر
عبدالرؤوف,ذكر
عبدالرب,ذكر
عبدالرحمن,ذكر
عبدالرحيم,ذكر
عبدالرزاق,ذكر
عبدالرشيد,ذكر
عبدالرقيب,ذكر
عبدالسلام,ذكر
عبدالشكور,ذكر
عبدالصمد,ذكر
عبدالظاهر,ذكر
عبدالعزيز,ذكر
عبدالعظيم,ذكر
عبدالعليم,ذكر
عبدالغفور,ذكر
عبدالغني,ذكر
عبدالفتاح,ذكر
عبدالقادر,ذكر
عبدالقدوس,ذكر
عبدالقيوم,ذكر
عبدالكريم,ذكر
عبداللطيف,ذكر
عبدالله,ذكر
عبدالمجيد,ذكر
عبدالمطلب,ذكر
عبدالملك,ذكر
عبدالمنان,ذكر
عبدالمنعم,ذكر
عبدالنور,ذكر
عبدالهادي,ذكر
عبدالواحد,ذكر
عبدالودود,ذكر
عبدالوهاب,ذكر
عبدربه,ذكر
عبده,ذكر
عبدو,ذكر
عبدي,ذكر
عبودة,ذكر
عبيد,ذكر
عبيدة,ذكر
عتاب,ذكر
عتابة,ذكر
عثمان,ذكر
عجاج,ذكر
عجرم,ذكر
عدلي,ذكر
عدنان,ذكر
عدوان,ذكر
عدي,ذكر
عديل,ذكر
عراب,ذكر
عراد,ذكر
عرفات,ذكر
عرفة,ذكر
عروة,ذكر
عريب,ذكر
عز,ذكر
عزب,ذكر
عزت,ذكر
عزيز,ذكر
عشير,ذكر
عصام,ذكر
عصمت,ذكر
عطا,ذكر
عطاء,ذكر
عفان,ذكر
عفيف,ذكر
عقاب,ذكر
عقال,ذكر
عقبة,ذكر
عقل,ذكر
عقلة,ذكر
عقيل,ذكر
عكاشة,ذكر
عكرمة,ذكر
عكلة,ذكر
علاء,ذكر
علاء الدين,ذكر
علوان,ذكر
علي,ذكر
عليان,ذكر
عليم,ذكر
عماد,ذكر
عمار,ذكر
عمارة,ذكر
عمر,ذكر
عمران,ذكر
عمرو,ذكر
عميد,ذكر
عمير,ذكر
عنبر,ذكر
عنتر,ذكر
عنترة,ذكر
عواد,ذكر
عوض,ذكر
عوف,ذكر
عون,ذكر
عوني,ذكر
عويس,ذكر
عياش,ذكر
عيد,ذكر
عيسى,ذكر
عيضة,ذكر
غازي,ذكر
غافر,ذكر
غالب,ذكر
غالي,ذكر
غانم,ذكر
غريب,ذكر
غزوان,ذكر
غسان,ذكر
غضنفر,ذكر
غفار,ذكر
غلاب,ذكر
غلام,ذكر
غنيم,ذكر
غوار,ذكر
غوث,ذكر
غياث,ذكر
غيث,ذكر
فؤاد,ذكر
فائز,ذكر
فائق,ذكر
فاتح,ذكر
فاخر,ذكر
فادي,ذكر
فارس,ذكر
فارض,ذكر
فارع,ذكر
فاروق,ذكر
فاضل,ذكر
فالح,ذكر
فتاح,ذكر
فتح,ذكر
فتحي,ذكر
فتوح,ذكر
فتيح,ذكر
فخر,ذكر
فخري,ذكر
فراج,ذكر
فراس,ذكر
فرج,ذكر
فرحات,ذكر
فرحان,ذكر
فرناس,ذكر
فريج,ذكر
فريد,ذكر
فضل,ذكر
فضيل,ذكر
فطين,ذكر
فكري,ذكر
فلوح,ذكر
فليح,ذكر
فهد,ذكر
فهمي,ذكر
فهيد,ذكر
فهيم,ذكر
فواز,ذكر
فوزي,ذكر
فياض,ذكر
فيصل,ذكر
فيض,ذكر
فيضي,ذكر
قائد,ذكر
قابس,ذكر
قابوس,ذكر
قادر,ذكر
قاسم,ذكر
قاهر,ذكر
قتادة,ذكر
قتيبة,ذكر
قثم,ذكر
قداح,ذكر
قدامة,ذكر
قدري,ذكر
قسام,ذكر
قسيم,ذكر
قصي,ذكر
قطامي,ذكر
قطب,ذكر
قعقاع,ذكر
قيس,ذكر
كاسب,ذكر
كاسر,ذكر
كاظم,ذكر
كامل,ذكر
كرم,ذكر
كريم,ذكر
كعب,ذكر
كلاب,ذكر
كليب,ذكر
كليم,ذكر
كمال,ذكر
كميت,ذكر
كنان,ذكر
كنعان,ذكر
كهلان,ذكر
لؤي,ذكر
لباب,ذكر
لبيب,ذكر
لبيد,ذكر
لطفي,ذكر
لطيف,ذكر
لقمان,ذكر
لماح,ذكر
لمعي,ذكر
ليث,ذكر
مأمون,ذكر
مؤيد,ذكر
ماجد,ذكر
مارسيل,ذكر
مازن,ذكر
ماضي,ذكر
مالك,ذكر
ماهر,ذكر
مبارك,ذكر
مبخوت,ذكر
مبرور,ذكر
مبروك,ذكر
متعب,ذكر
مثاب,ذكر
مجاهد,ذكر
مجاور,ذكر
مجتبى,ذكر
مجدي,ذكر
مجيب,ذكر
مجيد,ذكر
مجير,ذكر
محبوب,ذكر
محجن,ذكر
محرز,ذكر
محرم,ذكر
محسن,ذكر
محمد,ذكر
محمود,ذكر
محيا,ذكر
مخلد,ذكر
مخلص,ذكر
مخلف,ذكر
مدثر,ذكر
مدحة,ذكر
مدحت,ذكر
مدرك,ذكر
مدلج,ذكر
مديد,ذكر
مراد,ذكر
مرتجى,ذكر
مرتضى,ذكر
مرحب,ذكر
مرداس,ذكر
مرزوق,ذكر
مرسي,ذكر
مرشد,ذكر
مرشدي,ذكر
مروان,ذكر
مزاحم,ذكر
مزن,ذكر
مزهر,ذكر
مساعد,ذكر
مستور,ذكر
مسعود,ذكر
مسفر,ذكر
مسلم,ذكر
مسلمة,ذكر
مسيب,ذكر
مشاري,ذكر
مشتاق,ذكر
مشرف,ذكر
مشعل,ذكر
مصباح,ذكر
مصطفى,ذكر
مصعب,ذكر
مصلح,ذكر
مضر,ذكر
مطاع,ذكر
مطاوع,ذكر
مطر,ذكر
مطلب,ذكر
مطلق,ذكر
مطير,ذكر
مطيع,ذكر
مظفر,ذكر
مظهر,ذكر
معاد,ذكر
معاذ,ذكر
معاوية,ذكر
معتصم,ذكر
معتضد,ذكر
معتوق,ذكر
معد,ذكر
معروف,ذكر
معصوم,ذكر
معطي,ذكر
معلوف,ذكر
معمر,ذكر
معن,ذكر
معين,ذكر
معين الدين,ذكر
مغوار,ذكر
مغيث,ذكر
مغيرة,ذكر
مفتاح,ذكر
مقبل,ذكر
مقتدي,ذكر
مقرن,ذكر
مكتوم,ذكر
مكين,ذكر
ملحم,ذكر
ملهم,ذكر
ممدوح,ذكر
مناحي,ذكر
مناع,ذكر
مناف,ذكر
منان,ذكر
منتصر,ذكر
منتظر,ذكر
منذر,ذكر
منصف,ذكر
منصور,ذكر
منعم,ذكر
منقذ,ذكر
منهل,ذكر
منيب,ذكر
منير,ذكر
منيع,ذكر
مهاب,ذكر
مهدي,ذكر
مهند,ذكر
مهيب,ذكر
مهيوب,ذكر
موفق,ذكر
ميثم,ذكر
ميلاد,ذكر
ميمون,ذكر
نائل,ذكر
ناجي,ذكر
نادر,ذكر
ناشئ,ذكر
ناشد,ذكر
ناشر,ذكر
ناصح,ذكر
ناصر,ذكر
ناصر الدين,ذكر
ناصف,ذكر
ناصيف,ذكر
ناظم,ذكر
نافع,ذكر
نامي,ذكر
ناهض,ذكر
ناهل,ذكر
ناهي,ذكر
نايف,ذكر
نبال,ذكر
نبيل,ذكر
نبيه,ذكر
نجاد,ذكر
نجدة,ذكر
نجدت,ذكر
نجم,ذكر
نجم الدين,ذكر
نجيب,ذكر
نديم,ذكر
نذير,ذكر
نزار,ذكر
نزيه,ذكر
نسيب,ذكر
نسيم,ذكر
نشأت,ذكر
نشمي,ذكر
نصار,ذكر
نصر,ذكر
نصرة,ذكر
نصرت,ذكر
نصوح,ذكر
نصير,ذكر
نصيف,ذكر
نضال,ذكر
نضير,ذكر
نظمي,ذكر
نظير,ذكر
نعمان,ذكر
نعمت,ذكر
نعيم,ذكر
نمر,ذكر
نهيان,ذكر
نوار,ذكر
نواس,ذكر
نواف,ذكر
نوح,ذكر
نورس,ذكر
نوري,ذكر
نوفل,ذكر
هائل,ذكر
هاجد,ذكر
هادي,ذكر
هاشم,ذكر
هاني,ذكر
هانئ,ذكر
هبيرة,ذكر
هجرس,ذكر
هريرة,ذكر
هزاع,ذكر
هشام,ذكر
هلال,ذكر
همام,ذكر
هواري,ذكر
هود,ذكر
هيثم,ذكر
وائل,ذكر
وارف,ذكر
وديع,ذكر
ورد,ذكر
وسام,ذكر
وسيم,ذكر
وفيق,ذكر
ولاء الدين,ذكر
وليد,ذكر
وليف,ذكر
وهاب,ذكر
وهب,ذكر
وهبة,ذكر
ياسر,ذكر
يحيى,ذكر
يزيد,ذكر
يعقوب,ذكر
عبدالموجود,ذكر
حسام,ذكر
ألكيس,ذكر
البركوكي,ذكر
العطار,ذكر
حراز,ذكر
رولان,أنثى
زيد,ذكر
خفاجي,ذكر
مفرح,ذكر
المعين,ذكر
استفانوس,ذكر
خيري,ذكر
مينا,ذكر
نورا,ذكر
ويسا,أنثى
ياسمين,أنثى
حمد,ذكر
صلاح,ذكر
مصباح,ذكر
مرشدى,ذكر
رؤي,أنثى
مريم,أنثى
نعينع,ذكر
يمني,أنثى
سند,ذكر
الجعفرى,ذكر
حميد,ذكر
دمين,أنثى
سيد,أنثى
روان,أنثى
فريدة,أنثى
عبدالرشيد,ذكر
أدهم,ذكر
ميخائيل,ذكر
المطاوى,ذكر
فؤاد,ذكر
محمود,ذكر
كروليس,ذكر
ياسر,ذكر
نجيب,ذكر
كرلس,ذكر
ريم,أنثى
جون,ذكر
فرح,أنثى
جوري,أنثى
نادين,أنثى
نشوى,أنثى
مراد,أنثى
علاء,ذكر
بشرى,أنثى
جودة,ذكر
طاحون,ذكر
تغريد,أنثى
أمنية,أنثى
عشرة,ذكر
الحليم,ذكر
جيلان,أنثى
انطونيوس,ذكر
دعاء,أنثى
الفارسكوري,ذكر
شهد,أنثى
رضوى,أنثى
العزيز,ذكر
الفضالى,ذكر
الدكروري,ذكر
الجمال,ذكر
نورهان,أنثى
شوكت,ذكر
شموتي,ذكر
زكى,ذكر
الجداوي,ذكر
بيتر,ذكر
الحوساني,ذكر
منال,ذكر
النكري,ذكر
ميرا,أنثى
الطراوي,ذكر
باكينام,أنثى
عبدالهادى,ذكر
مرسي,ذكر
الرحمن,ذكر
فرحة,أنثى
الخميسي,ذكر
القط,ذكر
عبدالمطلب,ذكر
بيومي,ذكر
إنجي,أنثى
مشرف,ذكر
محمدين,ذكر
رفقة,أنثى
حجازي,ذكر
ندين,أنثى
قبيصى,ذكر
عبداللاه,ذكر
الشريف,ذكر
حسناء,أنثى
موبا,أنثى
إسماعيل,ذكر
شلبي,ذكر
حياء,أنثى
الرفاعي,ذكر
رغد,أنثى
عبدالدايم,ذكر
تالين,أنثى
ادهم,ذكر
عبدالمنعم,ذكر
امير,ذكر
امنيه,أنثى
سيف,ذكر
الرسول,ذكر
فاروق,ذكر
إيناس,أنثى
الحياة,أنثى
نوران,أنثى
سيرجي,ذكر
مروان,ذكر
بسام,ذكر
ماتا,ذكر
تالين,أنثى
الكليش,ذكر
المطاوي,ذكر
الشناوى,ذكر
أمل,أنثى
لطفي,ذكر
عبدالستار,ذكر
البير,ذكر
عبدالرحيم,ذكر
نوبي,ذكر
التميمي,ذكر
ابوزياده,ذكر
مختار,ذكر
منصور,ذكر
عبدالحميد,ذكر
زغبي,ذكر
موسي,ذكر
عنتر,ذكر
ندي,أنثى
عوبيا,ذكر
جنة,أنثى
يمنى,أنثى
الفضل,ذكر
اياد,ذكر
اسلام,ذكر
حافظ,ذكر
وجنات,أنثى
الحافظ,ذكر
طه,ذكر
الحسين,ذكر
جميل,ذكر
عبدالحافظ,ذكر
الطبي,ذكر
عبدالسميع,ذكر
الخير,ذكر
النصر,ذكر
حمزه,ذكر
صادق,ذكر
البنداري,ذكر
إيفون,أنثى
كورات,ذكر
ساره,أنثى
الصمان,ذكر
صوار,ذكر
ساويرس,ذكر
مهرائيل,أنثى
العباسي,ذكر
الباهي,ذكر
الكيس,ذكر
نوارا,أنثى
ياقوت,ذكر
رمسيس,ذكر
خليل,ذكر
قابيل,ذكر
همام,ذكر
ميلاد,ذكر
حلوجي,ذكر
الصابر,ذكر
حامد,ذكر
شامه,ذكر
مالك,ذكر
مصطفي,ذكر
رافت,ذكر
متولى,ذكر
أريك,أنثى
بسمة,أنثى
مرقس,ذكر
اية,أنثى
الإمام,ذكر
الفاروق,ذكر
فرّاخه,ذكر
مازن,ذكر
ميار,أنثى
يونس,ذكر
خديجة,أنثى
آسيل,أنثى
الشاذلي,ذكر
الشافعى,ذكر
شعبان,ذكر
صبرى,ذكر
راشد,ذكر
بدوي,ذكر
عفيفي,ذكر
توفيق,ذكر
سليم,ذكر
الفرماوى,ذكر
السعودي,ذكر
حفناوي,ذكر
ابو,ذكر
النبوي,ذكر
عبدالحي,ذكر
عبد,ذكر
فائز,ذكر
هيثم,ذكر
نور,أنثى
النهراوي,ذكر
نسيم,ذكر
حسن,ذكر
غرس,أنثى
زغلول,ذكر
كامل,ذكر
آية,أنثى
رضا,ذكر
عريضة,ذكر
اليزيد,ذكر
ناصف,ذكر
هلال,ذكر
رينا,أنثى
هانئ,ذكر
سارة,أنثى
سيد,ذكر
صابر,ذكر
رحاب,أنثى
الحسينى,ذكر
ويفر,ذكر
ريه,أنثى
كيرلس,ذكر
أشرف,ذكر
زكريا,ذكر
صفوت,ذكر
فاتن,أنثى
خاطر,ذكر
العظيم,ذكر
عطيفى,ذكر
امام,ذكر
برتي,أنثى
هدية,أنثى
شلباية,ذكر
مارينا,أنثى
حبيبه,أنثى
حميدة,ذكر
جعفر,ذكر
همس,أنثى
العدل,ذكر
ماجد,ذكر
انتصار,أنثى
النادي,ذكر
شاكر,ذكر
ندى,أنثى
ايمان,أنثى
النبى,ذكر
شلبى,ذكر
منصور,ذكر
ثابت,ذكر
خورشيد,ذكر
زايد,ذكر
هاجور,أنثى
أحمد,ذكر
الرياني,ذكر
جدالله,ذكر
أبوحطب,ذكر
نانسي,أنثى
الطنطاوي,ذكر
السعيدي,ذكر
هيلايل,أنثى
قاعود,ذكر
منيب,ذكر
بشرا,أنثى
حسونه,ذكر
حلواني,ذكر
النبي,ذكر
فيصل,ذكر
الخالق,ذكر
قطب,ذكر
حطاب,ذكر
خلود,أنثى
مونيكا,أنثى
هبة,أنثى
مايكل,ذكر
جاستن,أنثى
قنديل,ذكر
ميران,أنثى
خلف,ذكر
منزاع,ذكر
غفران,أنثى
أنطونيوس,ذكر
فدوى,أنثى
خميس,ذكر
محارم,ذكر
نجدى,أنثى
نسما,أنثى
نعمة,أنثى
هند,أنثى
مريهان,أنثى
الاء,أنثى
زهران,ذكر
أشرقت,أنثى
وهبي,ذكر
أسامة,ذكر
عكاشة,ذكر
أسماء,أنثى
رأفت,ذكر
مروة,أنثى
دوابا,أنثى
حسنين,ذكر
رائد,ذكر
وائل,ذكر
الهريجى,ذكر
احمد,ذكر
سامح,ذكر
مسعد,ذكر
تريزا,أنثى
سليمان,ذكر
مي,أنثى
فريحه,أنثى
عباسي,أنثى
لبيب,ذكر
عباس,ذكر
محيي,ذكر
چويرية,أنثى
ضيف,ذكر
العدوي,ذكر
وسام,أنثى
عبدالمغني,ذكر
عطيفي,ذكر
نهي,أنثى
اداريه,أنثى
أنور,ذكر
صفاء,أنثى
رانيا,أنثى
سلامة,ذكر
الحضري,ذكر
روماني,ذكر
رجب,ذكر
رمضان,ذكر
العجمي,ذكر
عرفة,ذكر
علياء,أنثى
وجيه,ذكر
علي,ذكر
عزيز,ذكر
جامع,ذكر
الحداد,ذكر
عبدالرؤوف,ذكر
هانى,ذكر
خيرالله,ذكر
سجدة,أنثى
حسني,ذكر
البهي,ذكر
أكرم,ذكر
شيرين,أنثى
ابانوب,ذكر
ميلاد,ذكر
حنين,ذكر
ناشد,ذكر
احمد,ذكر
حمدى,ذكر
رجب,ذكر
عبدالعظيم,ذكر
سعد,ذكر
حسن,ذكر
رضا,ذكر
عبدالمجيد,ذكر
عبدالناصر,ذكر
عبدالعزيز,ذكر
سيد,ذكر
عبدالرحيم,ذكر
عبدالرحمن,ذكر
محمود,ذكر
عبدالمنعم,ذكر
رمضان,ذكر
حسين,ذكر
علاء,ذكر
صابر,ذكر
محمد,ذكر
ربيع,ذكر
فتح,ذكر
الباب,ذكر
عبدالعاطى,ذكر
علي,ذكر
قاسم,ذكر
على,ذكر
يوسف,ذكر
ادريس,ذكر
خالد,ذكر
ادهم,ذكر
سعيد,ذكر
انور,ذكر
اسلام,ذكر
عواجه,ذكر
القسام,ذكر
امين,ذكر
ايهاب,ذكر
حماده,ذكر
خلف,ذكر
باسم,ذكر
خطاب,ذكر
ابراهيم,ذكر
جونى,ذكر
اميل,ذكر
حنا,ذكر
روفائيل,ذكر
حازم,ذكر
ايمن,ذكر
فاروق,ذكر
عبدالحميد,ذكر
عمرو,ذكر
ابوغنيمه,ذكر
طوسن,ذكر
حسنى,ذكر
الجمال,ذكر
شعبان,ذكر
عبدالنعيم,ذكر
قوشي,ذكر
عبدمريم,ذكر
ابسخرون,ذكر
هشام,ذكر
هاشم,ذكر
رامى,ذكر
مينا,ذكر
سمير,ذكر
شحاته,ذكر
زياد,ذكر
ناصر,ذكر
كمال,ذكر
عبدالغني,ذكر
سراج,ذكر
عبدالغنى,ذكر
الدين,ذكر
حاتم,ذكر
حبشى,ذكر
صموئيل,ذكر
عازر,ذكر
طارق,ذكر
مصطفى,ذكر
موافي,ذكر
عادل,ذكر
زكى,ذكر
عبدالحكيم,ذكر
وائل,ذكر
كيلاني,ذكر
اسماعيل,ذكر
عبدالفتاح,ذكر
عبدالمعبود,ذكر
جمعه,ذكر
سيوفى,ذكر
صلاح,ذكر
عثمان,ذكر
حبشي,ذكر
منصور,ذكر
الجبالي,ذكر
نعمان,ذكر
خيرى,ذكر
هيثم,ذكر
عطا,ذكر
جمال,ذكر
عبدالله,ذكر
عبوده,ذكر
عماد,ذكر
عبدالهادى,ذكر
القوصى,ذكر
ثابت,ذكر
حماد,ذكر
حمدان,ذكر
عبداللطيف,ذكر
الجمام,ذكر
شلقامي,ذكر
عبدالحليم,ذكر
عمر,ذكر
الحسينى,ذكر
الجارحى,ذكر
مهني,ذكر
عيسى,ذكر
الدكرورى,ذكر
عبدالنبى,ذكر
فارس,ذكر
عبدالسلام,ذكر
فايز,ذكر
محرم,ذكر
كريم,ذكر
المصطفى,ذكر
السيد,ذكر
يسين,ذكر
زهنى,ذكر
اشرف,ذكر
وجيه,ذكر
عفيفى,ذكر
غريب,ذكر
نزلاوى,ذكر
تقى,ذكر
راضى,ذكر
عباس,ذكر
عبدالهادي,ذكر
طه,ذكر
مسعود,ذكر
عاشور,ذكر
قطب,ذكر
سليمان,ذكر
عزت,ذكر
عبدالحافظ,ذكر
رياض,ذكر
فرج,ذكر
كامل,ذكر
ممدوح,ذكر
علام,ذكر
قرنى,ذكر
شقرانى,ذكر
عبدالحفيظ,ذكر
عبدالقادر,ذكر
فتحى,ذكر
عب,ذكر
الجواد,ذكر
مهاب,ذكر
بكر,ذكر
عبدالكريم,ذكر
يعقوب,ذكر
نورالدين,ذكر
هادى,ذكر
وليد,ذكر
زكريا,ذكر
عبدالدايم,ذكر
فؤاد,ذكر
ايرينى,أنثى
بشرى,ذكر
جرجس,ذكر
ايه,أنثى
شريف,ذكر
بسمله,أنثى
توفيق,ذكر
جمانه,أنثى
فوزى,ذكر
جيسيكا,أنثى
جوزيف,ذكر
سمعان,ذكر
ذكرى,ذكر
رنا,أنثى
عيد,ذكر
ساندى,أنثى
برسوم,ذكر
عبدالملاك,ذكر
سهيله,أنثى
ماهر,ذكر
علا,أنثى
فضل,ذكر
مريم,أنثى
عقل,ذكر
مجدى,ذكر
سيف,ذكر
حبيب,ذكر
ناردين,أنثى
منير,ذكر
هايدى,أنثى
اثناسيوس,ذكر
هبه,أنثى
خفاجى,ذكر
يوستينا,أنثى
نبيل,ذكر
ذكى,ذكر
موريس,ذكر
ايليا,ذكر
مرجان,ذكر
هلال,ذكر
سامح,ذكر
محروس,ذكر
صالح,ذكر
فادى,ذكر
ميخائيل,ذكر
كيرلس,ذكر
اسعد,ذكر
عوض,ذكر
وهبه,ذكر
ابتهال,أنثى
محسن,ذكر
مهنى,ذكر
احسان,أنثى
مجاهد,ذكر
اروى,أنثى
عبدالعليم,ذكر
استر,أنثى
لطفى,ذكر
موسى,ذكر
اسراء,أنثى
عبدربه,ذكر
اسماء,أنثى
رفاعي,ذكر
عبدالمحسن,ذكر
الاء,أنثى
مصطفي,ذكر
جلال,ذكر
الشيماء,أنثى
مرعى,ذكر
امال,أنثى
امل,أنثى
حسام,ذكر
عصام,ذكر
امنيه,أنثى
ابوبكر,ذكر
اميره,أنثى
انجى,أنثى
جيد,ذكر
رزق,ذكر
الله,ذكر
فانوس,ذكر
حكيم,ذكر
دياب,ذكر
صفوت,ذكر
جوده,ذكر
عاطف,ذكر
شفيق,ذكر
ايات,أنثى
عكاشه,ذكر
ايمان,أنثى
حافظ,ذكر
صبرى,ذكر
شاكر,ذكر
نجيب,ذكر
خليل,ذكر
هانى,ذكر
حسانين,ذكر
يس,ذكر
بسمه,أنثى
صادق,ذكر
سالم,ذكر
محبوب,ذكر
تبارك,أنثى
جيهان,أنثى
عبدالجواد,ذكر
حسناء,أنثى
مخلوف,ذكر
خلود,أنثى
دارين,أنثى
داليا,أنثى
دعاء,أنثى
حجازى,ذكر
مليجى,ذكر
دميانا,أنثى
ابوكلام,ذكر
دميانه,أنثى
سام,ذكر
دنيا,أنثى
عبدالوهاب,ذكر
يسرى,ذكر
دينا,أنثى
طلعت,ذكر
رانيا,أنثى
عبدالصبور,ذكر
رحاب,أنثى
هنى,ذكر
جارحى,ذكر
رحمه,أنثى
فراج,ذكر
زغلول,ذكر
فرحات,ذكر
رزان,أنثى
رشيده,أنثى
رضا,أنثى
قوشني,ذكر
رضوى,أنثى
حسان,ذكر
عبدالمقصود,ذكر
يونس,ذكر
ياسين,ذكر
رقيه,أنثى
راوى,ذكر
سعداوى,ذكر
روان,أنثى
ضرار,ذكر
عزات,ذكر
ريم,أنثى
ريهام,أنثى
زينب,أنثى
ساره,أنثى
رشدى,ذكر
لبيب,ذكر
اسكندر,ذكر
سلمى,أنثى
سما,أنثى
ضاحى,ذكر
سمر,أنثى
ابو,ذكر
غنيمه,ذكر
سميه,أنثى
سناء,أنثى
عز,ذكر
سويده,أنثى
ياسر,ذكر
عبدالصالحين,ذكر
شريفه,أنثى
حداد,ذكر
شرين,أنثى
ملاك,ذكر
بباوى,ذكر
توما,ذكر
شهد,أنثى
مسعد,ذكر
ابوالنور,ذكر
شيرى,أنثى
فام,ذكر
يونان,ذكر
شيرين,أنثى
عبدالرسول,ذكر
عائشه,أنثى
ابوالصفا,ذكر
عزه,أنثى
مبروك,ذكر
غاده,أنثى
فاطمه,أنثى
بهاء,ذكر
شلقامى,ذكر
فرحه,أنثى
فيرونيا,أنثى
فيرينا,أنثى
غبريال,ذكر
كارن,أنثى
عبدالملك,ذكر
كارول,أنثى
نادى,ذكر
عدلى,ذكر
تادرس,ذكر
كلودى,أنثى
تامر,ذكر
اقلاديوس,ذكر
مارينا,أنثى
شهات,ذكر
ولسن,ذكر
ماهى,أنثى
مرمر,أنثى
سلامه,ذكر
فهيم,ذكر
عطيه,ذكر
مرنا,أنثى
برنابا,ذكر
عبدالشهيد,ذكر
عايد,ذكر
مروه,أنثى
خميس,ذكر
القس,ذكر
عبدالمتجل,ذكر
قيصر,ذكر
المرغنى,ذكر
خليفه,ذكر
نابولى,ذكر
اسحق,ذكر
مبارك,ذكر
محب,ذكر
عبيد,ذكر
نصيف,ذكر
مكرم,ذكر
ويصا,ذكر
ناير,ذكر
ملك,أنثى
الحسن,ذكر
زكي,ذكر
عبدالمطلب,ذكر
منار,أنثى
منال,أنثى
عبدالحسيب,ذكر
منه,أنثى
منى,أنثى
عامر,ذكر
مها,أنثى
مهرائيل,أنثى
شنوده,ذكر
ناجى,ذكر
ميار,أنثى
ميرنا,أنثى
سامى,ذكر
ميمى,أنثى
نادين,أنثى
ناديه,أنثى
صالحين,ذكر
اسحاق,ذكر
نانسى,أنثى
نمر,ذكر
ندى,أنثى
نضال,أنثى
نعمه,أنثى
شوقى,ذكر
بولس,ذكر
نوره,أنثى
نورهان,أنثى
محروص,ذكر
نيفين,أنثى
جورجى,ذكر
هاجر,أنثى
هانم,أنثى
عبدالصمد,ذكر
هدى,أنثى
هدير,أنثى
ابوالليل,ذكر
هناء,أنثى
وفاء,أنثى
ولاء,أنثى
منتصر,ذكر
يارا,أنثى
المرزوقى,ذكر
ياسمين,أنثى
عبدالباقى,ذكر
ابرار,أنثى
حنفى,ذكر
ممتاز,ذكر
مرسى,ذكر
امانى,أنثى
عويس,ذكر
جهاد,أنثى
نافع,ذكر
دكرورى,ذكر
رباب,أنثى
ابوالفتوح,ذكر
مناع,ذكر
رضوه,أنثى
روفيده,أنثى
سماح,أنثى
جابر,ذكر
ابوزيد,ذكر
عبدالظاهر,ذكر
شيماء,أنثى
صباح,أنثى
ضحى,أنثى
عبير,أنثى
كلثوم,أنثى
صاوى,ذكر
كوثر,أنثى
مرفت,أنثى
علم,ذكر
بسيونى,ذكر
فخرى,ذكر
مى,أنثى
نسمه,أنثى
نسيبه,أنثى
هاله,أنثى
عبدالجليل,ذكر
نظير,ذكر
هند,أنثى
زين,ذكر
البدرى,ذكر
فرغلى,ذكر
عاطى,ذكر
الطيب,ذكر
العابدين,ذكر
نبيه,ذكر
طلب,ذكر
جويد,ذكر
عبدالحكم,ذكر
صرمانى,ذكر
ابوالقاسم,ذكر
دردير,ذكر
اسامه,ذكر
فهمى,ذكر
قنديل,ذكر
بكرى,ذكر
مؤمن,ذكر
الامين,ذكر
حواس,ذكر
عبدالعال,ذكر
رفاعى,ذكر
سلطان,ذكر
يحى,ذكر
قناوى,ذكر
يحيى,ذكر
ابرهيم,ذكر
حلمى,ذكر
عيسي,ذكر
عبدالمالك,ذكر
ظريف,ذكر
اميمه,أنثى
زيدان,ذكر
صقر,ذكر
ادم,ذكر
شعراوى,ذكر
روضه,أنثى
شارلى,أنثى
باسليوس,ذكر
ماجد,ذكر
حشمت,ذكر
صفاء,أنثى
الزهراء,ذكر
مارتينا,أنثى
عرفات,ذكر
دميان,ذكر
بخيت,ذكر
فولى,ذكر
زينهم,ذكر
ناهد,أنثى
نوال,أنثى
الراعى,ذكر
جبر,ذكر
ابرام,ذكر
مشير,ذكر
عبدالمغنى,ذكر
عبدالستار,ذكر
فرجاني,ذكر
قرني,ذكر
ابوعمره,ذكر
فهمي,ذكر
الامير,ذكر
الحسين,ذكر
امير,ذكر
مليكه,ذكر
جورج,ذكر
عزيز,ذكر
صبحى,ذكر
فواز,ذكر
فاضل,ذكر
حمزه,ذكر
الدسوقى,ذكر
رمزى,ذكر
جميل,ذكر
شادى,ذكر
عرفه,ذكر
امام,ذكر
مرقص,ذكر
جورجي,ذكر
مازن,ذكر
مايكل,ذكر
اسكاروس,ذكر
الخطيب,ذكر
بيومى,ذكر
معروف,ذكر
صديق,ذكر
مروان,ذكر
اكرام,ذكر
عماره,ذكر
ذكرالله,ذكر
معتز,ذكر
مكسيموس,ذكر
عياد,ذكر
مهند,ذكر
بشري,ذكر
حامد,ذكر
الهام,أنثى
نور,أنثى
فكرى,ذكر
غيضان,ذكر
كيلانى,ذكر
فالح,ذكر
مرسي,ذكر
بيومي,ذكر
شاذلى,ذكر
عبدالوارث,ذكر
امبارك,ذكر
نعيم,ذكر
معتصم,ذكر
عبدالجابر,ذكر
امنه,أنثى
اوليفيا,أنثى
ايلاريا,أنثى
صليب,ذكر
ساندرا,أنثى
سلفانا,أنثى
عبد,ذكر
سيلفيا,أنثى
فيبى,أنثى
لورا,أنثى
غطاس,ذكر
ليديا,أنثى
مادونا,أنثى
تيموثاوس,ذكر
بطرس,ذكر
تاوضروس,ذكر
ثروت,ذكر
عبدالمسيح,ذكر
رومان,ذكر
البرتو,ذكر
وديع,ذكر
فليكس,ذكر
انطونيوس,ذكر
جريس,ذكر
زكرى,ذكر
لندس,ذكر
بافلى,ذكر
انسطاسى,ذكر
صباح,ذكر
عبدالنور,ذكر
بولا,ذكر
حربى,ذكر
عبده,ذكر
بيشوى,ذكر
وصفى,ذكر
نشأت,ذكر
حرز,ذكر
بيمن,ذكر
توماس,ذكر
ناروز,ذكر
غالى,ذكر
رفيق,ذكر
رافت,ذكر
يسى,ذكر
وليم,ذكر
داود,ذكر
بنيامين,ذكر
مدحت,ذكر
الهم,ذكر
مارتن,ذكر
مارفن,ذكر
منسى,ذكر
وسيم,ذكر
يوساب,ذكر
صدقى,ذكر
انيس,ذكر
سليم,ذكر
اندرو,ذكر
عنتر,ذكر
رسمى,ذكر
ايناس,أنثى
قاعود,ذكر
مصرى,ذكر
سادين,أنثى
امجد,ذكر
فريده,أنثى
ابوسمره,ذكر
الكريم,ذكر
ررأفت,ذكر
هيا,أنثى
عابدين,ذكر
معيقل,ذكر
المعتصم,ذكر
بالله,ذكر
عبداللاه,ذكر
عبدالحى,ذكر
صميده,ذكر
عبدالقوى,ذكر
ضياء,ذكر
بهجت,ذكر
ابوالعلا,ذكر
عبدالجيد,ذكر
عصمت,ذكر
عياط,ذكر
مخيمر,ذكر
عبدالسميع,ذكر
موافى,ذكر
رضوان,ذكر
عبدالرؤوف,ذكر
منازع,ذكر
انعام,أنثى
جما,ذكر
ل,ذكر
بثينه,أنثى
حسب,ذكر
سلمان,ذكر
تهانى,أنثى
حبيبه,أنثى
جداوى,ذكر
حسنيه,أنثى
الخشت,ذكر
دلال,أنثى
شعيب,ذكر
رابعه,أنثى
بدرى,ذكر
عزالدين,ذكر
رسم,أنثى
رشا,أنثى
رغد,أنثى
رندا,أنثى
عبدالرازق,ذكر
زهراء,أنثى
ساميه,أنثى
سعاد,أنثى
سلوى,أنثى
سميره,أنثى
سهام,أنثى
شروق,أنثى
عبدالرشيد,ذكر
شهيناز,أنثى
عبدالر,ذكر
حيم,ذكر
ناجح,ذكر
ناصح,ذكر
غانم,ذكر
صابرين,أنثى
عبدالشافى,ذكر
عرابى,ذكر
علياء,أنثى
غدير,أنثى
عشماوى,ذكر
فداء,أنثى
قمر,أنثى
كريمه,أنثى
لوسى,أنثى
وهيب,ذكر
مريان,أنثى
بشوى,ذكر
قلينى,ذكر
تهامى,ذكر
شكرى,ذكر
عبدالعدل,ذكر
مهجه,أنثى
ميرا,أنثى
نجلاء,أنثى
نجوى,أنثى
ندا,أنثى
نرمين,أنثى
نشوى,أنثى
نهى,أنثى
نورا,أنثى
ابوسريع,ذكر
سريع,ذكر
شوقي,ذكر
هويدا,أنثى
ورد,أنثى
ابوالحسن,ذكر
اليزل,ذكر
زايد,ذكر
اسلمان,ذكر
ابوجبل,ذكر
رشاد,ذكر
عويطي,ذكر
عبدالمعز,ذكر
سطوحى,ذكر
معمدانى,ذكر
سند,ذكر
ديفد,ذكر
رائد,ذكر
عبدالسيد,ذكر
صيام,ذكر
برعى,ذكر
عبدالبديع,ذكر
شوربجى,ذكر
نور,ذكر
برديس,ذكر
معوض,ذكر
عمار,ذكر
عبود,ذكر
عونى,ذكر
مرتضي,ذكر
رفعت,ذكر
مطاوع,ذكر
مكادى,ذكر
جاد,ذكر
جادالحق,ذكر
احلام,أنثى
ضيف,ذكر
عبدالوكيل,ذكر
معتوق,ذكر
تنسيم,أنثى
ذكي,ذكر
حميده,أنثى
حنان,أنثى
محفوظ,ذكر
رفقه,أنثى
فولي,ذكر
مهاد,ذكر
شذى,أنثى
وهيدى,ذكر
نصار,ذكر
سعودى,ذكر
عبدالعاطي,ذكر
عبله,أنثى
العلا,ذكر
رضى,ذكر
عيده,أنثى
متولى,ذكر
فتحيه,أنثى
متولي,ذكر
ليلى,أنثى
ماجده,أنثى
مارجريت,أنثى
مارلين,أنثى
مارين,أنثى
مرزق,ذكر
مياده,أنثى
طاهر,ذكر
نسرين,أنثى
نادر,ذكر
راشد,ذكر
عواد,ذكر
نصر,ذكر
انطونى,ذكر
سوريال,ذكر
اديب,ذكر
سميح,ذكر
مختار,ذكر
مراد,ذكر
حجاج,ذكر
عبيده,ذكر
سنوسي,ذكر
مريس,ذكر
النصر,ذكر
ازهار,أنثى
الوليد,ذكر
حسنين,ذكر
جميله,أنثى
عطوه,ذكر
هوارى,ذكر
رنيا,أنثى
شمردن,ذكر
رويده,أنثى
زهره,أنثى
شاهنده,أنثى
داخلى,ذكر
زبد,ذكر
ضى,أنثى
عمير,ذكر
فاديه,أنثى
عبدالكافى,ذكر
صاوي,ذكر
فريج,ذكر
فيصل,ذكر
نهال,أنثى
عمادالدين,ذكر
البدوى,ذكر
وسيمه,أنثى
محجوب,ذكر
عبدالواحد,ذكر
محمدعيد,ذكر
صافى,ذكر
مندراوى,ذكر
امينه,أنثى
خديجه,أنثى
ستار,ذكر
رغده,أنثى
روحيه,أنثى
عبدالطيف,ذكر
مفتاح,ذكر
سوزان,أنثى
عزيزه,أنثى
عصمت,أنثى
عليه,أنثى
مسلم,ذكر
يحي,ذكر
مدين,ذكر
الهدى,ذكر
جادالكريم,ذكر
راغب,ذكر
اياد,ذكر
الرفاعى,ذكر
رفيع,ذكر
رشيد,ذكر
شافعى,ذكر
حردان,ذكر
عميره,ذكر
دمرداشى,ذكر
عقيله,ذكر
تغريد,أنثى
جيهاد,أنثى
مندر,ذكر
سالمه,أنثى
وحيد,ذكر
بدر,ذكر
صفيه,أنثى
فايزه,أنثى
مارى,أنثى
رومانى,ذكر
بشاره,ذكر
فريد,ذكر
فنجرى,ذكر
حيدر,ذكر
ابوطالب,ذكر
هديه,أنثى
جاك,ذكر
عاصم,ذكر
جاهين,ذكر
عبدالرزاق,ذكر
مفدى,ذكر
منزر,ذكر
هنرى,ذكر
مقار,ذكر
استير,أنثى
لويز,ذكر
انتصار,أنثى
بديعه,أنثى
طلبه,ذكر
خضر,ذكر
مصباح,ذكر
بكير,ذكر
بشندى,ذكر
رفله,ذكر
ايلاريه,أنثى
مرزوق,ذكر
باخوم,ذكر
جوليا,أنثى
دوس,ذكر
رضوا,أنثى
ميخائل,ذكر
شاديه,أنثى
شريهان,أنثى
شمس,أنثى
فاتن,أنثى
مرشد,ذكر
كامليا,أنثى
لينا,أنثى
ماريان,أنثى
محبه,أنثى
حليم,ذكر
حنضل,ذكر
فرح,ذكر
متي,ذكر
يسن,ذكر
ورده,أنثى
يؤنه,أنثى
نوار,ذكر
ناثان,ذكر
يسي,ذكر
رامز,ذكر
خزام,ذكر
شهاب,ذكر
صموائيل,ذكر
اندراوس,ذكر
سيدهم,ذكر
ماركو,ذكر
امساعيل,ذكر
مشيل,ذكر
هدرا,ذكر
تحيه,أنثى
مرتضى,ذكر
الزهراء,أنثى
ابوالنجا,ذكر
ابوالمجد,ذكر
حسبن,ذكر
عمران,ذكر
النجا,ذكر
ابراهبم,ذكر
شندى,ذكر
معتمد,ذكر
زينه,أنثى
دسوقى,ذكر
سهير,أنثى
غالب,ذكر
محمدالفولى,ذكر
درويش,ذكر
هريدى,ذكر
عبدالغفار,ذكر
غاليه,أنثى
سرحان,ذكر
منيسى,ذكر
مصلوح,ذكر
توتى,ذكر
عجمى,ذكر
نعيمه,أنثى
الخشن,ذكر
مرتجى,ذكر
وئام,أنثى
محسب,ذكر
يسرا,أنثى
محمدابراهيم,ذكر
صبره,ذكر
داكر,ذكر
اكرم,ذكر
حميده,ذكر
فواد,ذكر
روحيم,ذكر
محمدالسعودى,ذكر
محمدالسنوسى,ذكر
عدى,ذكر
عاى,ذكر
محمدمحمد,ذكر
الحاج,ذكر
شتيوى,ذكر
طسن,ذكر
السعودى,ذكر
تونى,ذكر
محمدابو,ذكر
عيطه,ذكر
طربف,ذكر
محمدعلى,ذكر
الشيخ,ذكر
بدوى,ذكر
افراح,أنثى
ام,أنثى
محمدالسيد,ذكر
شلفامى,ذكر
جنه,أنثى
زهير,ذكر
عارف,ذكر
عجيب,ذكر
مهدى,ذكر
ناريمان,أنثى
شكرالله,ذكر
نبيله,أنثى
نخله,ذكر
شاذلي,ذكر
محمدابوزيد,ذكر
الحمزه,ذكر
الفاروق,ذكر
كليب,ذكر
لملوم,ذكر
ابوهشيمه,ذكر
محمدصالح,ذكر
تلاوي,ذكر
محمدالامين,ذكر
محمدعبدالمقصود,ذكر
خضراوى,ذكر
اسلام,أنثى
الادهم,ذكر
طنطاوى,ذكر
اناسيمون,أنثى
اوستينا,أنثى
ارمانيوس,ذكر
بشير,ذكر
بتول,أنثى
بسنت,أنثى
عملاك,ذكر
تريزه,أنثى
تيسير,أنثى
حوريه,أنثى
دولت,أنثى
ابوالفتح,ذكر
جادالله,ذكر
نزيه,ذكر
رتيبه,أنثى
نبهان,ذكر
المهدى,ذكر
سها,أنثى
سهى,أنثى
سوسن,أنثى
سوسنا,أنثى
سيمون,أنثى
شاهيناز,أنثى
عنود,أنثى
حسيت,ذكر
هديه,ذكر
غيداء,أنثى
مقروش,ذكر
فردوس,أنثى
كاترينا,أنثى
شحات,ذكر
كارولين,أنثى
مروزق,ذكر
كاريمان,أنثى
كرستينا,أنثى
كيرمينا,أنثى
لبنى,أنثى
ديب,ذكر
مادلين,أنثى
نسيم,ذكر
مارينه,أنثى
ماريه,أنثى
حنس,ذكر
مرشى,ذكر
زاهى,ذكر
نجاح,أنثى
شاوير,ذكر
نفين,أنثى
عيسوى,ذكر
محمدين,ذكر
اميز,ذكر
قايد,ذكر
اساف,ذكر
افرايم,ذكر
السعدنى,ذكر
ايلى,ذكر
باهى,ذكر
بسام,ذكر
بيتر,ذكر
طوبيا,ذكر
سقر,ذكر
عفت,ذكر
ربيعى,ذكر
فيلبس,ذكر
ابن,ذكر
بقطر,ذكر
هيمن,ذكر
رجائى,ذكر
صهيب,ذكر
عبدالمعطى,ذكر
الداخلى,ذكر
فيراس,ذكر
عنانى,ذكر
فيليب,ذكر
كرم,ذكر
ماريو,ذكر
مشاضى,ذكر
الصغير,ذكر
مكاريوس,ذكر
متى,ذكر
رأفت,ذكر
عبدالمؤمن,ذكر
نجيد,ذكر
سبع,ذكر
سباعي,ذكر
العزم,ذكر
جاكلين,أنثى
عبدالشافي,ذكر
لطف,ذكر
سكينه,أنثى
العربى,ذكر
القاسم,ذكر
كنز,أنثى
مارسيل,أنثى
يني,ذكر
ميرفت,أنثى
فرنسيس,ذكر
بسخرون,ذكر
لمعى,ذكر
لويس,ذكر
امبابي,ذكر
ابوهاشم,ذكر
متياس,ذكر
باسل,ذكر
بلال,ذكر
فايق,ذكر
جون,ذكر
رحيم,ذكر
ريمون,ذكر
منجى,ذكر
عبرنا,ذكر
امبابى,ذكر
راجى,ذكر
عبدالبصير,ذكر
حيني,ذكر
امرو,ذكر
عابد,ذكر
عبدالباسط,ذكر
سنوسى,ذكر
قرياقص,ذكر
محمدان,ذكر
مندى,ذكر
بهلول,ذكر
شاروبيم,ذكر
نايل,ذكر
عبدجرجس,ذكر
كتشنر,ذكر
تادضروس,ذكر
عبدالباري,ذكر
خاطر,ذكر
ذكيه,أنثى
رتاج,أنثى
خيري,ذكر
فرغلي,ذكر
لمياء,أنثى
سمره,ذكر
زيد,ذكر
فكري,ذكر
منشاوى,ذكر
عبدالموجود,ذكر
عبدالشفوق,ذكر
جبريل,ذكر
هيام,أنثى
قياتى,ذكر
يسراء,أنثى
ترياق,ذكر
جمام,ذكر
صدام,ذكر
عبدالامام,ذكر
الدسوقي,ذكر
بارح,ذكر
المستجاب,ذكر
جراح,ذكر
شافعي,ذكر
ابتسام,أنثى
محمدصفوت,ذكر
اشرقت,أنثى
اصاله,أنثى
خيرالله,ذكر
ثامار,أنثى
حينى,ذكر
شرقاوى,ذكر
تاضروس,ذكر
ديانا,أنثى
فلبس,ذكر
راحيل,أنثى
وسيله,ذكر
رواء,أنثى
روزان,أنثى
رويدا,أنثى
ريمونده,أنثى
ريناد,أنثى
مساعد,ذكر
جندى,ذكر
دانيال,ذكر
بانوب,ذكر
سماء,أنثى
سييد,ذكر
محى,ذكر
شوق,أنثى
مظهر,ذكر
عودانى,ذكر
دكروى,ذكر
فرغل,ذكر
شهدى,ذكر
فبرونيا,أنثى
كرستين,أنثى
واصف,ذكر
كرمل,أنثى
كرمينا,أنثى
شخلول,ذكر
مامون,ذكر
ميرى,أنثى
شامه,ذكر
نبويه,أنثى
نهله,أنثى
احمدبك,ذكر
نيرمين,أنثى
قادربوه,ذكر
مللكه,ذكر
هى,أنثى
الحينى,ذكر
جوهر,ذكر
تمساح,ذكر
زوزو,ذكر
الجيلانى,ذكر
نجاح,ذكر
ونيس,ذكر
عبدبولس,ذكر
جوارجيوس,ذكر
ناعوم,ذكر
عتريس,ذكر
سفيان,ذكر
اطناسيوس,ذكر
العرب,ذكر
الرب,ذكر
ساويرس,ذكر
مارى,ذكر
عقبه,ذكر
انس,ذكر
عبدالبارى,ذكر
يوأنس,ذكر
عبدالرافع,ذكر
الريدى,ذكر
راجح,ذكر
كساب,ذكر
جعفر,ذكر
ذين,ذكر
جاب,ذكر
صبح,ذكر
شمس,ذكر
شوقت,ذكر
بهاءالدين,ذكر
عدليه,أنثى
مرثا,أنثى
نوسيبه,أنثى
شبيب,ذكر
نثان,ذكر
عصران,ذكر
عصر,ذكر
نظيم,ذكر
زاهر,ذكر
مسألش,ذكر
ابوصمره,ذكر
بدريه,أنثى
ربيعه,أنثى
رموندا,أنثى
ريه,أنثى
سحر,أنثى
سعيده,أنثى
بركات,ذكر
سيده,أنثى
احمدابوالليل,ذكر
مديحه,أنثى
منيره,أنثى
عزوز,ذكر
شاهين,ذكر
حكم,ذكر
الدالى,ذكر
عصرعباس,ذكر
وفقى,ذكر
شتوى,ذكر
سلام,ذكر
فلال,ذكر
عبدالرؤف,ذكر
عبدامام,ذكر
عزمى,ذكر
ناج,ذكر
الازهرى,ذكر
عزام,ذكر
عبدالمولى,ذكر
قعود,ذكر
رؤى,أنثى
نصحى,ذكر
زراع,ذكر
سعده,أنثى
السبع,ذكر
فوزيه,أنثى
ازهرى,ذكر
حضيرى,ذكر
زيان,ذكر
بشاي,ذكر
علوانى,ذكر
نسيم,أنثى
عبدالنافع,ذكر
هيبه,ذكر
هارون,ذكر
محارب,ذكر
عبدالصادق,ذكر
خضره,أنثى
جايل,ذكر
فرياله,أنثى
فرحان,ذكر
عا,ذكر
صم,ذكر
غا,ذكر
نم,ذكر
قدرى,ذكر
شهيره,أنثى
,ذكر
الدايم,ذكر
مأمون,ذكر
جامع,ذكر
ايوب,ذكر
انجلى,ذكر
فيبرونيا,أنثى
ماريز,أنثى
لوقا,ذكر
مرينا,أنثى
عريان,ذكر
منقريوس,ذكر
رمسيس,ذكر
رزيق,ذكر
ذكا,ذكر
شارويم,ذكر
المغربى,ذكر
ملكه,أنثى
عشري,ذكر
هندى,ذكر
فرجانى,ذكر
ثميه,أنثى
سوسنه,أنثى
فبروينا,أنثى
ففيان,أنثى
كاترين,أنثى
القمص,ذكر
ليزا,أنثى
اسطفانوس,ذكر
مارجليت,أنثى
وفيق,ذكر
سرى,ذكر
مرام,أنثى
مجلى,ذكر
منرفا,أنثى
وجدى,ذكر
سيحه,ذكر
جارد,ذكر
اندريو,ذكر
باترك,ذكر
نقولا,ذكر
ابراهى,ذكر
داخلي,ذكر
بدار,ذكر
زاخر,ذكر
حلمي,ذكر
مارك,ذكر
اسرائيل,ذكر
قزمان,ذكر
خذاعى,ذكر
سباق,ذكر
اسيا,أنثى
افت,أنثى
مرقس,ذكر
افنان,أنثى
ولاء,ذكر
سلوانس,ذكر
عبدالمهيمن,ذكر
دكر,ذكر
بطه,أنثى
تسنيم,أنثى
ثمر,أنثى
جليله,أنثى
حسنات,أنثى
حمديه,أنثى
خيريه,أنثى
تقاوى,ذكر
حصب,ذكر
عطالله,ذكر
مغربى,ذكر
قريا,ذكر
قص,ذكر
بكساوى,ذكر
حدود,ذكر
رؤيات,أنثى
رؤيه,أنثى
رجاء,أنثى
نصرالدين,ذكر
رميحى,ذكر
عبدمرزوق,ذكر
زيادى,ذكر
انصارى,ذكر
فيولا,أنثى
لارا,أنثى
لديا,أنثى
عطاالله,ذكر
جالى,ذكر
نجاه,أنثى
بدينى,ذكر
غليوب,ذكر
ننه,أنثى
نها,أنثى
بريقع,ذكر
هلا,أنثى
الاذهرى,ذكر
عبدعوض,ذكر
ابوعيشه,ذكر
مندور,ذكر
غنام,ذكر
جواد,ذكر
عشرى,ذكر
راسخ,ذكر
ديفيد,ذكر
عبدالمنطلب,ذكر
عكرمه,ذكر
حميد,ذكر
طانيوس,ذكر
فرجالله,ذكر
ماير,ذكر
عرفان,ذكر
الصاوى,ذكر
عبدالخالق,ذكر
وزير,ذكر
عجور,ذكر
هجرس,ذكر
مكارى,ذكر
داوود,ذكر
حفنى,ذكر
فناويل,ذكر
ارينى,أنثى
موسي,ذكر
ذهنى,ذكر
اقسام,أنثى
دقش,ذكر
ايفون,أنثى
ريتا,أنثى
بدروس,ذكر
فيفيان,أنثى
مرزقه,أنثى
مترى,ذكر
مريانه,أنثى
فرن,ذكر
كتشر,ذكر
مجلي,ذكر
طلعات,ذكر
تهامي,ذكر
اشعياء,ذكر
شتيوي,ذكر
بباوي,ذكر
غزالى,ذكر
عبدالونيس,ذكر
شارلى,ذكر
كدوانى,ذكر
عبدالجبار,ذكر
ابوخاطر,ذكر
سارى,ذكر
قسطور,ذكر
وانيس,ذكر
شيتوى,ذكر
اوميل,ذكر
شكير,ذكر
مفرح,ذكر
معاويه,ذكر
عديل,ذكر
جميانه,أنثى
جواهر,أنثى
ريموندا,أنثى
شلابى,ذكر
البرت,ذكر
مالك,ذكر
صرافيل,ذكر
ماهيتاب,أنثى
مريانا,أنثى
بشاى,ذكر
سوس,ذكر
عبدشهات,ذكر
ولاه,ذكر
نجيه,أنثى
نرما,أنثى
مكين,ذكر
حمادالتونى,ذكر
يحيا,ذكر
وراد,ذكر
وهدانى,ذكر
امشيل,ذكر
ينى,ذكر
ابيب,ذكر
امطولى,ذكر
بحبح,ذكر
دارج,ذكر
معبدخليفه,ذكر
نبيشى,ذكر
ارنست,ذكر
مرش,ذكر
تغيان,ذكر
فايد,ذكر
ابوعجيله,ذكر
لمبى,ذكر
ميرون,ذكر
مستجاب,ذكر
غزال,ذكر
كويس,ذكر
عبداحافظ,ذكر
حمزاوى,ذكر
تسابيح,أنثى
ليس,ذكر
ثريا,أنثى
عبداحليم,ذكر
جاسيكا,أنثى
قذافى,ذكر
حلا,أنثى
حنين,أنثى
الجود,ذكر
رئيسه,أنثى
راما,أنثى
رانا,أنثى
حمد,ذكر
عبدالحق,ذكر
عبدالحي,ذكر
شكر,ذكر
عبدادريس,ذكر
الحداد,ذكر
الياس,ذكر
ميريت,أنثى
قناشي,ذكر
نجوان,أنثى
نوران,أنثى
لكوم,ذكر
هديل,أنثى
صاروفيم,ذكر
وصال,أنثى
منيس,ذكر
ابوجلال,ذكر
الادهس,ذكر
ايساف,ذكر
بيجول,ذكر
رسم,ذكر
رويس,ذكر
مصلح,ذكر
سامر,ذكر
قناش,ذكر
مندوه,ذكر
حلبى,ذكر
شلبي,ذكر
كيراس,ذكر
قلاده,ذكر
فخري,ذكر
شامخ,ذكر
فريز,ذكر
عبادى,ذكر
اضواء,أنثى
مخلف,ذكر
حليمه,أنثى
رولا,أنثى
عبدالتواب,ذكر
خلاف,ذكر
صالحه,أنثى
عايشه,أنثى
مطرف,ذكر
عبداالغنى,ذكر
خشت,ذكر
زغبى,ذكر
عدوى,ذكر
حنيش,ذكر
الساعدى,ذكر
صافيه,أنثى
غزاله,أنثى
كماله,أنثى
منتصل,ذكر
عبدالفضيل,ذكر
وردانى,ذكر
سويسى,ذكر
الجارح,ذكر
بحر,ذكر
مؤيد,ذكر
عبدالنبي,ذكر
مراجى,ذكر
مهيدى,ذكر
انهار,أنثى
حياه,أنثى
وديد,ذكر
نفادى,ذكر
فيروز,أنثى
حمدي,ذكر
اللـه,ذكر
عبداللـه,ذكر
وافى,ذكر
لامى,ذكر
قويه,ذكر
بريك,ذكر
واعر,ذكر
سالمين,أنثى
سعديه,أنثى
مقاوى,ذكر
ترعه,ذكر
مرزوقه,أنثى
سعدى,ذكر
ابوترعه,ذكر
مجاور,ذكر
ابوالسعود,ذكر
نجم,ذكر
طوير,ذكر
عريبى,ذكر
لافى,ذكر
ابوهدمه,ذكر
عليان,ذكر
كحيل,ذكر
برانى,ذكر
هدوار,ذكر
نصير,ذكر
بلاش,ذكر
مشرقى,ذكر
ديهوم,ذكر
ابوناصر,ذكر
خليل,أنثى
شوال,ذكر
فتحي,ذكر
كفايه,أنثى
ميرهان,أنثى
عبدابراهيم,ذكر
استافرو,ذكر
البير,ذكر
بشار,ذكر
مايز,ذكر
روؤف,ذكر
تيمتاوس,ذكر
ماضى,ذكر
دسوقي,ذكر
وريد,ذكر
معاز,ذكر
فطيم,ذكر
يؤنس,ذكر
ررشدى,ذكر
ابوالجود,ذكر
هنيه,أنثى
وداد,أنثى
ادهس,ذكر
مزروع,ذكر
سعداوي,ذكر
اروه,أنثى
اليشع,ذكر
انصاف,أنثى
رضواى,أنثى
ريحاب,أنثى
سميحه,أنثى
حميدو,ذكر
الامام,ذكر
محاسن,أنثى
مشاعل,أنثى
صغير,ذكر
ست,أنثى
الناس,ذكر
جبلى,ذكر
يامنه,أنثى
تاوضرس,ذكر
كارم,ذكر
مجدلين,أنثى
نعناعه,أنثى
نواره,أنثى
فزاع,ذكر
جاسر,ذكر
عبدرزيق,ذكر
عوداتى,ذكر
توحيد,ذكر
حزين,ذكر
عواداتى,ذكر
نوفل,ذكر
عبدعمار,ذكر
منبى,ذكر
متموح,ذكر
عجيله,ذكر
راتب,ذكر
مقرب,ذكر
اعمار,ذكر
دحدوح,ذكر
توني,ذكر
خير,ذكر
قاضى,ذكر
عزايم,ذكر
ابوالمكارم,ذكر
ليثى,ذكر
وفدى,ذكر
ابوكريشه,ذكر
ان,أنثى
انجلينا,أنثى
انغام,أنثى
ايلين,أنثى
توفيلس,ذكر
ايمى,أنثى
ايميلينا,أنثى
برباره,أنثى
ابواليمين,ذكر
بهى,ذكر
خشبه,ذكر
علاءالدين,ذكر
محمدالعربى,ذكر
دمرداش,ذكر
مشرف,ذكر
جاسمين,أنثى
جنات,أنثى
جنى,أنثى
طلاس,ذكر
جوزفين,أنثى
جونير,أنثى
جوى,أنثى
جيمى,ذكر
جويس,أنثى
جليل,ذكر
جيسكا,أنثى
جينا,أنثى
عربى,ذكر
محمدطلعت,ذكر
جرجاوى,ذكر
طنيوس,ذكر
ربا,أنثى
معبد,ذكر
رضوانه,أنثى
رفيده,أنثى
ابوالعزايم,ذكر
ادور,ذكر
روجينا,أنثى
حمدو,ذكر
الحبيبى,ذكر
رجاء,ذكر
سويلم,ذكر
زينا,أنثى
بديع,ذكر
محيى,ذكر
شيمى,ذكر
سالى,أنثى
سلطانه,أنثى
سلفيا,أنثى
جبره,ذكر
بشر,ذكر
منتسل,ذكر
مليجي,ذكر
النزهى,ذكر
سندس,أنثى
سندى,أنثى
كميل,ذكر
سوزى,أنثى
سيلفانا,أنثى
سيمونا,أنثى
شدو,أنثى
شذا,أنثى
المعتزبالله,ذكر
ابوعوف,ذكر
ريدى,ذكر
جبلاوى,ذكر
السهلى,ذكر
عفاف,أنثى
عنان,أنثى
عهد,أنثى
عواطف,أنثى
فيفى,أنثى
كارين,أنثى
اشير,ذكر
مؤنس,ذكر
بسطاوروس,ذكر
ساويريس,ذكر
كلارا,أنثى
عبدالميسح,ذكر
لقاء,أنثى
بغدادى,ذكر
لوجى,أنثى
ماجى,أنثى
ملك,ذكر
ميشيل,ذكر
ماروسكا,أنثى
عزب,ذكر
ماريا,أنثى
كاشف,ذكر
مايا,أنثى
مايسه,أنثى
زهران,ذكر
كرلس,ذكر
بسطورس,ذكر
عبدالجامع,ذكر
فيكتور,ذكر
دلور,ذكر
مهيب,ذكر
فكتور,ذكر
مهرانيل,أنثى
هواش,ذكر
مهيتاب,أنثى
ميرولا,أنثى
ميريم,أنثى
ميسون,أنثى
وهبى,ذكر
البكساوى,ذكر
علوان,ذكر
طهير,ذكر
نيره,أنثى
همت,أنثى
هيلانه,أنثى
وسام,أنثى
مكادي,ذكر
ارؤى,أنثى
رسمي,ذكر
روعه,أنثى
زهاء,أنثى
حمايه,ذكر
كارمينا,أنثى
تريفينا,أنثى
ارميا,ذكر
روتاج,أنثى
شاهى,أنثى
الحق,ذكر
لوسيا,أنثى
لوكاس,ذكر
باسخرون,ذكر
استيفن,ذكر
عتبه,ذكر
انطون,ذكر
ارسانيوس,ذكر
استفانوس,ذكر
طرهونى,ذكر
فلوباتير,ذكر
كاراس,ذكر
غبد,ذكر
الحكيم,ذكر
قديس,ذكر
هنا,أنثى
ارسانى,ذكر
رؤوف,ذكر
ستيفن,ذكر
كرومر,ذكر
حسيب,ذكر
رسن,ذكر
غندور,ذكر
ابوالعيون,ذكر
هروجى,ذكر
كفلى,ذكر
خفاجه,ذكر
عرندز,ذكر
لوجين,أنثى
برديسي,ذكر
سوبي,ذكر
اسلم,ذكر
الشربينى,ذكر
الخولى,ذكر
ابوالسعد,ذكر
عبداله,ذكر
السوبى,ذكر
جيلانى,ذكر
سجيد,ذكر
المعتز,ذكر
يواقيم,ذكر
العارف,ذكر
عسقلانى,ذكر
سدراك,ذكر
دبركى,ذكر
حذيفه,ذكر
رشدي,ذكر
ذياد,ذكر
خواجه,ذكر
فليب,ذكر
عبدكيرلس,ذكر
كوسيجين,ذكر
الجيد,ذكر
شاهر,ذكر
برجاس,ذكر
بدران,ذكر
عليوه,ذكر
مغربي,ذكر
حموده,ذكر
دفتر,ذكر
مكاوى,ذكر
عتمان,ذكر
الزين,ذكر
بردهونى,ذكر
الرحمن,ذكر
كاظم,ذكر
بشريده,ذكر
اجمد,ذكر
سمرى,ذكر
بسطوروس,ذكر
ماضي,ذكر
تاج,ذكر
نادي,ذكر
شرعى,ذكر
برنس,ذكر
عساف,ذكر
ذكريا,ذكر
سطوحي,ذكر
وفائى,ذكر
مشتاق,ذكر
الشافعى,ذكر
راضي,ذكر
معاذ,ذكر
محمدأبوالقاسم,ذكر
اشعيا,ذكر
حويا,ذكر
يامن,ذكر
شلبى,ذكر
البنا,ذكر
عبدالمعم,ذكر
بطاطا,ذكر
عبدالمعيد,ذكر
محمدحلمى,ذكر
حجازيه,أنثى
غنيم,ذكر
فيض,ذكر
نعمات,أنثى
احلام,ذكر
المشتاوى,ذكر
هيكل,ذكر
دخيل,ذكر
نبوى,ذكر
فضلى,ذكر
عبدالصابر,ذكر
السعود,ذكر
بياوى,ذكر
اورى,ذكر
جحا,ذكر
راويه,أنثى
زهيرى,ذكر
طيبى,ذكر
سماهر,أنثى
عزالعرب,ذكر
ابوالعالمين,ذكر
هايم,ذكر
مصعب,ذكر
الرشيدى,ذكر
عبدالبر,ذكر
النحاس,ذكر
فتجى,ذكر
اوليفر,ذكر
جبران,ذكر
ثرى,ذكر
ناصف,ذكر
مهاود,ذكر
دوماديوس,ذكر
رائف,ذكر
قسطنجى,ذكر
محمدالصاوى,ذكر
شوبك,ذكر
سوبى,ذكر
مفيد,ذكر
اياتى,ذكر
فليوباتير,ذكر
عد,ذكر
الموجود,ذكر
يسخرون,ذكر
جمل,ذكر
ابودسوقى,ذكر
اعطاف,أنثى
حسني,ذكر
عبدالمتجلى,ذكر
لله,ذكر
بدور,أنثى
جهمي,ذكر
يوحنا,ذكر
سادات,ذكر
رزقه,أنثى
زمزم,أنثى
سجى,أنثى
مدبولى,ذكر
سمراء,أنثى
سنيه,أنثى
ضاحي,ذكر
حلبي,ذكر
حفيظ,ذكر
باذيد,ذكر
كريمان,أنثى
مايفل,أنثى
ابوسخرون,ذكر
نادره,أنثى
نارمين,أنثى
الليل,ذكر
الصاوي,ذكر
نوسه,أنثى
هدايه,أنثى
شرقاوي,ذكر
يسر,ذكر
هنادى,أنثى
كستر,ذكر
اماره,أنثى
المصرى,ذكر
عوده,ذكر
ابوالفضل,ذكر
ملازم,ذكر
عليا,أنثى
كنزى,أنثى
فداوى,ذكر
السباعى,ذكر
حبييه,أنثى
حنفي,ذكر
سجده,أنثى
شهيد,ذكر
ابوالعباس,ذكر
رشوان,ذكر
نارمان,أنثى
خلود,ذكر
سخى,ذكر
الزهرى,ذكر
نداوي,ذكر
بوش,ذكر
شعراوي,ذكر
اشراق,أنثى
معيش,ذكر
انجل,أنثى
استراتى,ذكر
فايقه,أنثى
فريال,أنثى
كارمين,أنثى
عبدمناع,ذكر
كيريا,أنثى
مرتين,أنثى
نعمانى,ذكر
عكه,ذكر
ادوارد,ذكر
سويفى,ذكر
هلبيس,أنثى
معتذ,ذكر
الجميل,ذكر
القذافى,ذكر
طالب,ذكر
قرقور,ذكر
عبدناشد,ذكر
عبدالشكور,ذكر
الكرانى,ذكر
غلاب,ذكر
انشراح,أنثى
مومن,ذكر
توئه,أنثى
حور,أنثى
قضب,ذكر
راندا,أنثى
لؤى,ذكر
الوردانى,ذكر
الكحلاوى,ذكر
صافيناز,أنثى
عيشه,أنثى
مورا,أنثى
تواب,ذكر
يمنى,أنثى
المكارم,ذكر
مداح,ذكر
ابوالغيط,ذكر
هلالي,ذكر
حمتو,ذكر
عطاالكريم,ذكر
حنطور,ذكر
الضوى,ذكر
لطفي,ذكر
مخائيل,ذكر
ابادير,ذكر
نصرت,ذكر
عبدالمخلف,ذكر
محمدسيد,ذكر
يدرى,ذكر
غفار,ذكر
يوانس,ذكر
ابوالدهب,ذكر
توحيده,أنثى
بهسناوى,ذكر
مشيره,أنثى
وضحه,أنثى
ضوى,ذكر
القرنى,ذكر
انجه,أنثى
جوهانا,أنثى
حفصه,أنثى
سعفان,ذكر
سوما,أنثى
شربات,أنثى
ابوالحسين,ذكر
فدوى,أنثى
روبى,ذكر
الفى,ذكر
نجات,أنثى
عبدالراضى,ذكر
ياره,أنثى
اسر,ذكر
بهنساوى,ذكر
الغندقلى,ذكر
محمدالصغير,ذكر
زيدون,ذكر
شوكت,ذكر
نشئ,ذكر
قطيعى,ذكر
رحيل,أنثى
دبشه,ذكر
بحيري,ذكر
باشا,ذكر
بهنساوي,ذكر
طرفاوى,ذكر
نصره,أنثى
نجدى,ذكر
هيلدا,أنثى
سعدالدين,ذكر
وفاء,ذكر
بحيرى,ذكر
فيلوباتير,ذكر
بهدالى,ذكر
ليون,ذكر
عجايبى,ذكر
الجنيدي,ذكر
مكى,ذكر
بوسى,أنثى
شنيوى,ذكر
جانيت,أنثى
جيلانه,أنثى
حفني,ذكر
النادي,ذكر
فاكهه,أنثى
مصبح,ذكر
محمدمهنى,ذكر
عبدالباقي,ذكر
يشرى,ذكر
جلبى,ذكر
الشبكشى,ذكر
بساده,ذكر
ليثي,ذكر
صمؤئيل,ذكر
ابسخيرون,ذكر
مريان,ذكر
قليد,ذكر
-,ذكر
فوز,أنثى
بربري,ذكر
موفق,ذكر
سهيل,ذكر
امبن,ذكر
ابوالعيد,ذكر
سبد,ذكر
سلبم,ذكر
اريج,أنثى
فلمون,ذكر
نبيش,ذكر
ابوسته,ذكر
بدرالدين,ذكر
هلالى,ذكر
جنينه,أنثى
ذهب,أنثى
رويشد,ذكر
رانده,أنثى
عباسيه,أنثى
نجاتى,ذكر
المولى,ذكر
بديني,ذكر
نانا,أنثى
الجرودى,ذكر
الحمد,ذكر
ميهوب,ذكر
سوسى,ذكر
معبدمحمد,ذكر
مجيدى,ذكر
انجيل,أنثى
حشاد,ذكر
بندى,ذكر
يوستينه,أنثى
جفال,ذكر
اقبال,أنثى
بيجين,ذكر
صدقي,ذكر
زعفران,ذكر
امندا,أنثى
هجرسى,ذكر
ايزيس,أنثى
اكرامى,ذكر
عبداسلام,ذكر
جاسى,أنثى
جمالات,أنثى
واسع,ذكر
منهرى,ذكر
رتيب,ذكر
ورداني,ذكر
مغاورى,ذكر
روأنا,أنثى
بولاق,ذكر
زنيب,أنثى
غول,ذكر
عشم,ذكر
ثايت,ذكر
نيسان,ذكر
سوميه,أنثى
سهل,ذكر
شهندى,ذكر
بكري,ذكر
عاليه,أنثى
طهماوى,ذكر
طراف,ذكر
امبل,ذكر
لادي,ذكر
كريستين,أنثى
ليديه,أنثى
طوسه,ذكر
مكسموس,ذكر
اسكارس,ذكر
ضاني,ذكر
سلطن,ذكر
عبدالولي,ذكر
العيد,ذكر
مهران,ذكر
مهدي,ذكر
حمعه,ذكر
شبل,ذكر
ريان,ذكر
سيلا,ذكر
حقى,ذكر
انجيليوس,ذكر
غالي,ذكر
الهادى,ذكر
هندي,ذكر
سيله,ذكر
جيسن,ذكر
ساهر,ذكر
السعيد,ذكر
ابوخليل,ذكر
قرضابى,ذكر
يولس,ذكر
شمندى,ذكر
عبدالخبير,ذكر
مين,ذكر
ميللر,ذكر
واقيم,ذكر
عبداللا,ذكر
عباده,ذكر
انياظ,ذكر
عبدالنظير,ذكر
كحلاوى,ذكر
شفاء,أنثى
خويلد,ذكر
نجوات,أنثى
ابوالحارث,ذكر
السمالوطى,ذكر
ابواليزيد,ذكر
عبدالدائم,ذكر
مشهور,ذكر
زهور,أنثى
سمريه,أنثى
شوقيه,أنثى
عبدالمعين,ذكر
قليعى,ذكر
ابراهم,ذكر
حسينى,ذكر
التونى,ذكر
الاصنع,ذكر
اخلاص,أنثى
العتريس,ذكر
بلسم,أنثى
حهاد,أنثى
دانا,أنثى
مناف,ذكر
العىتريس,ذكر
حلف,ذكر
عامرعبدالمطلب,ذكر
جسرى,ذكر
اخمد,ذكر
زويد,ذكر
جسيان,أنثى
راشيل,أنثى
حندوق,ذكر
قليني,ذكر
ابواليل,ذكر
غنيه,أنثى
نسييم,ذكر
جمبل,ذكر
مربم,أنثى
جندي,ذكر
اثنانيوس,ذكر
شعيان,ذكر
جادالرب,ذكر
اشتياق,ذكر
بهيج,ذكر
هابيل,ذكر
القمس,ذكر
دكش,ذكر
روماريو,ذكر
صمويل,ذكر
نيبل,ذكر
عبدالمزيد,ذكر
مطيره,ذكر
صدق,ذكر
كيرليس,ذكر
ماكاريوس,ذكر
غيد,ذكر
صداق,ذكر
نويجع,ذكر
يوثام,ذكر
عبدالمنجى,ذكر
نوريهان,أنثى
ارزاق,أنثى
اسمهان,أنثى
ابوحليبى,ذكر
تيسير,ذكر
المنتصر,ذكر
سليمه,أنثى
صفا,أنثى
مودلين,أنثى
نريمان,أنثى
صابرين,ذكر
عبدالقوي,ذكر
المدثر,ذكر
الهوارى,ذكر
بسيوني,ذكر
نزهى,ذكر
عدنان,ذكر
ريحان,ذكر
اريهام,أنثى
تركى,ذكر
انثال,أنثى
اولفيا,أنثى
جرس,ذكر
حريه,أنثى
احمدي,ذكر
زبيدا,أنثى
ابوشوشه,ذكر
سندسيه,أنثى
شاهندا,أنثى
مادح,ذكر
برسطاوى,ذكر
نحمده,أنثى
فركاش,ذكر
مفضل,ذكر
ابوعميره,ذكر
ابوالشلابى,ذكر
جاسم,ذكر
الماوى,ذكر
قادر,ذكر
نظمى,ذكر
خشروم,ذكر
منور,ذكر
فهد,ذكر
ابوعشه,ذكر
امباشى,ذكر
اشواشين,ذكر
ابوهارون,ذكر
جبالى,ذكر
دهب,أنثى
حمام,ذكر
ابوطرفايه,ذكر
جلغاف,ذكر
شحته,ذكر
احمدى,ذكر
فريجه,أنثى
مبروكه,أنثى
عبدالنادى,ذكر
نميرى,ذكر
مقرحى,ذكر
العزايم,ذكر
زبون,ذكر
ابوطلاس,ذكر
السعدى,ذكر
مشوادى,ذكر
عرموش,ذكر
ابوحلفايه,ذكر
نخنوخ,ذكر
ندره,أنثى
عجب,ذكر
صفى,ذكر
هراس,ذكر
مويس,ذكر
مدلله,أنثى
برميل,ذكر
شواط,ذكر
اسماعبل,ذكر
حاكم,ذكر
عبدحسن,ذكر
شقلوف,ذكر
بخاطره,ذكر
الرزق,ذكر
الانصارى,ذكر
عويضه,ذكر
شيبه,ذكر
رفغت,ذكر
الصادق,ذكر
كريستينا,أنثى
نعمت,أنثى
الفولى,ذكر
سلمى,ذكر
سلمي,ذكر
حسلم,ذكر
السادات,ذكر
عيسوي,ذكر
نجات,ذكر
عبدالمنجي,ذكر
اشجان,أنثى
رشدان,ذكر
البتول,أنثى
العظيم,ذكر
عليش,ذكر
جرو,ذكر
عبدالعواض,ذكر
انشد,ذكر
شداد,ذكر
قاياتى,ذكر
رحاب,ذكر
رايقه,أنثى
البو,ذكر
اتشد,ذكر
عاكف,ذكر
نداء,أنثى
الصفا,ذكر
شعرواى,ذكر
حمزاوي,ذكر
جارحي,ذكر
بلياس,ذكر
هلشم,ذكر
قضاوى,ذكر
حفظ,ذكر
نورا,ذكر
قمره,أنثى
مجده,أنثى
غزات,ذكر
عبدالشلفى,ذكر
شرف,ذكر
وسيلي,ذكر
برازان,ذكر
تاوفليس,ذكر
ابوالعلاء,ذكر
توفبق,ذكر
عذرا,ذكر
مبخائيل,ذكر
جادالسيد,ذكر
سامي,ذكر
هيدى,أنثى
برام,ذكر
سلومه,ذكر
زخارى,ذكر
النمر,ذكر
ابوالوفاء,ذكر
غرام,ذكر
سفين,ذكر
بهجات,ذكر
عبدالمعتمد,ذكر
متحت,ذكر
منشاوي,ذكر
تمام,ذكر
العبيد,ذكر
نوح,ذكر
نمام,ذكر
ندير,ذكر
منجي,ذكر
شاهد,ذكر
رزاق,ذكر
بليغ,ذكر
قدريه,أنثى
لواحظ,أنثى
بدير,ذكر
شهاد,ذكر
قريش,ذكر
اغابيوس,ذكر
مرغني,ذكر
الداخلي,ذكر
طايع,ذكر
وهمان,ذكر
بدري,ذكر
عبدا,ذكر
الخالق,ذكر
زيزى,ذكر
الحتى,ذكر
الدمرداش,ذكر
عزولاني,ذكر
الدمرداشى,ذكر
بنوره,أنثى
الليثي,ذكر
زيناهم,أنثى
ستهم,أنثى
الرازق,ذكر
يحيي,ذكر
منتصره,أنثى
نقودى,ذكر
ناجحه,أنثى
فاخر,ذكر
زرعى,ذكر
ميخائبل,ذكر
القياتى,ذكر
بسمان,ذكر
بيباوى,ذكر
طايل,ذكر
شهير,ذكر
وحش,ذكر
رشيدى,ذكر
العيون,ذكر
حكشه,ذكر
عزقلاني,ذكر
مرايف,ذكر
الليثى,ذكر
بسيمه,أنثى
حماس,أنثى
ذكرى,أنثى
روح,أنثى
نتيج,ذكر
قدس,ذكر
مدينه,أنثى
ميسره,أنثى
قاصد,ذكر
غديرى,ذكر
قبيضه,ذكر
الطبلاوى,ذكر
عفيفي,ذكر
اموره,أنثى
الفونس,ذكر
برنسا,أنثى
محيسن,ذكر
بلطيه,أنثى
بهيثا,أنثى
الخلعى,ذكر
تقوى,أنثى
فراح,ذكر
النعيم,ذكر
مشمش,ذكر
فتوح,ذكر
توحه,ذكر
سهرانه,أنثى
ابوالكرامات,ذكر
ازرق,ذكر
مندارى,ذكر
عطيات,أنثى
امرى,ذكر
مقبول,ذكر
كمال,أنثى
مسعوده,أنثى
فصيبح,ذكر
الحميد,ذكر
عبدالحارس,ذكر
مقبولى,ذكر
سنجر,ذكر
طبلاوى,ذكر
عصمان,ذكر
غيربال,ذكر
جيلان,أنثى
جرحس,ذكر
سانتى,أنثى
عايده,أنثى
كرمه,أنثى
كيرستين,أنثى
مكسيوس,ذكر
بسيط,ذكر
محفوظه,أنثى
مروا,أنثى
هلقاني,ذكر
منجده,أنثى
عاطب,ذكر
مسعان,ذكر
داس,ذكر
ننسى,أنثى
تكلا,ذكر
عطانه,ذكر
انجلي,ذكر
جبرائيل,ذكر
استيفان,ذكر
تكله,ذكر
عبدرياض,ذكر
جوفان,ذكر
فليمون,ذكر
مكيموس,ذكر
بطوروس,ذكر
طهماوي,ذكر
عبدالراقع,ذكر
مرداش,ذكر
عرابي,ذكر
ابوسيفين,ذكر
فيزى,ذكر
عبالله,ذكر
شربف,ذكر
عتيق,ذكر
الكبير,ذكر
وسام,ذكر
عبدالمتمنى,ذكر
وافي,ذكر
صفاء,ذكر
خضرى,ذكر
معنى,ذكر
عبداسماعيل,ذكر
مونيكا,أنثى
مخالى,ذكر
نظيره,أنثى
عطى,ذكر
حيضر,ذكر
اتور,ذكر
اسيد,ذكر
مثبت,ذكر
ماثيو,ذكر
امره,ذكر
ايريكا,أنثى
شرلى,ذكر
لطيف,ذكر
جوفانه,أنثى
جومانا,أنثى
سيفين,ذكر
ابوالفيل,ذكر
سعدنى,ذكر
بسطاورو,ذكر
روز,أنثى
عرندس,ذكر
ابوسيف,ذكر
سدره,ذكر
غبدالله,ذكر
فونس,ذكر
لوندى,ذكر
سومحه,ذكر
لورنا,أنثى
زاخريوس,ذكر
عبدصاروفيم,ذكر
مارفا,أنثى
ماريهان,أنثى
مانويلا,أنثى
معمدان,ذكر
مريت,أنثى
مريهان,أنثى
غايس,ذكر
عبدالفادى,ذكر
طنج,ذكر
سنفرو,ذكر
يوأنا,أنثى
صارفيم,ذكر
ذاكي,ذكر
اسطاور,ذكر
كيهك,ذكر
حبيش,ذكر
سنكري,ذكر
جوني,ذكر
حمده,ذكر
رؤول,ذكر
راؤول,ذكر
تايب,ذكر
وردى,ذكر
شارل,ذكر
يسئ,ذكر
عرموس,ذكر
نورى,ذكر
ملر,ذكر
نديم,ذكر
مريز,ذكر
ابوحليقه,ذكر
رحومه,ذكر
فيومى,ذكر
حدوت,ذكر
زروق,ذكر
دمينى,ذكر
بسل,ذكر
عبدنادى,ذكر
موره,ذكر
نجاه,ذكر
مرغنى,ذكر
هرام,ذكر
شلاتيت,ذكر
اردينا,أنثى
اوجنيه,أنثى
استيرو,ذكر
الهامى,ذكر
سهام,ذكر
منداراوى,ذكر
ابوالعلمين,ذكر
الغندورى,ذكر
هبا,أنثى
يورين,أنثى
الحنبولي,ذكر
الزناتى,ذكر
هنداوى,ذكر
هيدرا,ذكر
السنوسى,ذكر
رجبيه,أنثى
شرموخ,ذكر
ابوحلقه,ذكر
شلبيه,أنثى
منجه,أنثى
اسمناعيل,ذكر
تمى,ذكر
رابح,ذكر
يثرب,أنثى
ابرأهيم,ذكر
عارز,ذكر
ابوالحلى,ذكر
عبدالرزق,ذكر
احسان,ذكر
الخير,ذكر
مغيث,ذكر
ايثم,ذكر
زهرى,ذكر
عبدالغنني,ذكر
سباعى,ذكر
مياس,ذكر
مجاهيد,ذكر
انورالسادات,ذكر
زربيه,ذكر
صافي,ذكر
عبدمناف,ذكر
عبدالمولي,ذكر
ميمون,ذكر
ابوحويه,ذكر
انوار,أنثى
شحيت,ذكر
حوسين,ذكر
الديك,ذكر
الميمون,ذكر
حرباوى,ذكر
كاميليا,أنثى
فرفور,ذكر
منبيشى,ذكر
شجيت,ذكر
علاق,ذكر
علوى,ذكر
ضبع,ذكر
اكحيميش,ذكر
جنيدى,ذكر
انجليوس,ذكر
الزينى,ذكر
عبدالكافي,ذكر
بادير,ذكر
هديب,ذكر
عبدالقدوس,ذكر
ابوالكارم,ذكر
الوهاب,ذكر
برايت,أنثى
جوفينا,أنثى
زوزو,أنثى
ساندرينا,أنثى
مجيد,ذكر
فيرونا,أنثى
رمزي,ذكر
مارفى,أنثى
جبيب,ذكر
قمر,ذكر
امشير,ذكر
نردين,أنثى
شقراني,ذكر
هديا,ذكر
اوميمه,أنثى
النعاس,ذكر
العادل,ذكر
نقيه,أنثى
نهاد,أنثى
الدوله,ذكر
سويكر,ذكر
فضيل,ذكر
الكيلاني,ذكر
امبيشى,ذكر
حرب,ذكر
المبروك,ذكر
مريض,ذكر
قدافى,ذكر
سويس,ذكر
عنبر,ذكر
ابوخليفه,ذكر
عشورى,ذكر
ابوغراره,ذكر
عبدالمرشد,ذكر
خفيف,ذكر
سالسبيل,أنثى
عزاوى,ذكر
سونيا,أنثى
الالفى,ذكر
ابوالنصر,ذكر
زاينهم,ذكر
عوضين,ذكر
قريشى,ذكر
جود,أنثى
شويكار,أنثى
ابوالحمد,ذكر
عيون,ذكر
هياء,أنثى
محمو,ذكر
د,ذكر
منصف,ذكر
الطرشانى,ذكر
القادر,ذكر
مدكور,ذكر
اعتماد,أنثى
عبدالعاظيم,ذكر
بهاء,أنثى
رحيق,أنثى
الحقي,ذكر
شهنده,أنثى
جسار,ذكر
متصر,ذكر
سرور,ذكر
العبد,ذكر
افرونيا,أنثى
عاذر,ذكر
دولاجى,أنثى
الشريف,ذكر
هايمن,ذكر
صبحي,ذكر
نشات,ذكر
اصلاني,ذكر
النشار,ذكر
فنحى,ذكر
الحنفى,ذكر
سعود,ذكر
عبدالمنصف,ذكر
المعزلدين,ذكر
مارلى,ذكر
بندرى,ذكر
خطار,ذكر
لنعيم,ذكر
ابوا,ذكر
لعمران,ذكر
ادوار,ذكر
زبيده,أنثى
ا,ذكر
رحب,ذكر
بواقيم,ذكر
البكرى,ذكر
شربينى,ذكر
شربيني,ذكر
عبدعطا,ذكر
غبور,ذكر
محمدود,ذكر
سريال,ذكر
ايفلين,أنثى
ميمى,ذكر
بارثينه,أنثى
بدر,أنثى
الريس,ذكر
بر,ذكر
زبنب,أنثى
دنديشى,ذكر
عز,أنثى
فر,أنثى
حه,ذكر
ممد,ذكر
كلير,أنثى
سمسوم,ذكر
شكري,ذكر
ترياك,ذكر
اشعيه,ذكر
ميريهان,أنثى
الجندي,ذكر
سحاق,ذكر
يوليانه,أنثى
ابوخالد,ذكر
ابوالنيل,ذكر
عيادالصغير,ذكر
عبدلله,ذكر
ملتياد,ذكر
صقى,ذكر
عبدشكرى,ذكر
المسيح,ذكر
زكا,ذكر
تونس,أنثى
روفيدا,أنثى
رمصان,ذكر
ارشيد,ذكر
فضل,أنثى
راجي,ذكر
بدوي,ذكر
نجيبه,أنثى
ابواسماعيل,ذكر
السمرى,ذكر
زخاري,ذكر
بفام,ذكر
بحي,ذكر
طونى,ذكر
عرقات,ذكر
هنري,ذكر
جرجاوي,ذكر
كراس,ذكر
اوجينا,أنثى
اوليزيا,أنثى
باسنت,أنثى
تريفانيا,أنثى
ذيدان,ذكر
كرومل,ذكر
درغام,ذكر
حدق,ذكر
عرباوى,ذكر
عائد,ذكر
ليئه,أنثى
عبدفايز,ذكر
ماريانه,أنثى
عبدغطاس,ذكر
ميشال,ذكر
نيقولا,ذكر
جبراوى,ذكر
شويك,ذكر
اوريا,ذكر
نخيل,ذكر
نيروز,ذكر
افرام,ذكر
امانيوس,ذكر
بشنونه,ذكر
عبدلويز,ذكر
عبدشحاته,ذكر
مارو,ذكر
رحوم,ذكر
نحاس,ذكر
استاورو,ذكر
اهداء,أنثى
ابوزينهم,ذكر
ثونى,ذكر
غريانى,ذكر
ابوحسن,ذكر
ابوالخير,ذكر
فله,أنثى
مدنى,ذكر
دفشى,ذكر
طعلت,ذكر
اوجد,ذكر
سويطى,ذكر
صغبر,ذكر
ارين,أنثى
ابوالوفا,ذكر
مجروس,ذكر
عبدالظيم,ذكر
تغان,ذكر
سماح,ذكر
مدرونه,أنثى
مشفت,ذكر
توغان,ذكر
نجفه,أنثى
جوار,ذكر
عبدعزيز,ذكر
اسام,ذكر
بنيه,ذكر
ونجت,ذكر
اسكندره,أنثى
الين,أنثى
رومندا,أنثى
عط,ذكر
مستوره,أنثى
عبدمتى,ذكر
ضليب,ذكر
بنيوت,ذكر
بيطر,ذكر
فيلوبايير,ذكر
اوسامه,ذكر
اندروس,ذكر
رينى,أنثى
نوس,أنثى
تيمور,ذكر
اسرافيل,ذكر
بسخيرون,ذكر
شنودا,ذكر
ايفيت,أنثى
عراقى,ذكر
جهاد,ذكر
كستور,ذكر
زهو,أنثى
متجلى,ذكر
سيحا,ذكر
قته,ذكر
الصرمانى,ذكر
فوزي,ذكر
عبدخله,ذكر
مرتينا,أنثى
متري,ذكر
عاز,ذكر
حبش,ذكر
نفيسه,أنثى
نميس,أنثى
خله,ذكر
اسكاوروس,ذكر
ذكري,ذكر
قلدس,ذكر
ملطى,ذكر
بصير,ذكر
عبدمنير,ذكر
بسطه,ذكر
ابوالحكم,ذكر
توضروس,ذكر
ضبعى,ذكر
اميايى,ذكر
محمدرضا,ذكر
شجرانى,ذكر
محمدالامير,ذكر
احمدالصغير,ذكر
محمدالسعيد,ذكر
نويرى,ذكر
عبدالشيمى,ذكر
راويا,أنثى
بسطامي,ذكر
نيروز,أنثى
ضاهر,ذكر
منداروى,ذكر
سويسي,ذكر
افرينا,أنثى
اجيد,ذكر
عبدالقالدر,ذكر
براءه,أنثى
مهدلى,ذكر
وصيف,ذكر
توجت,ذكر
ففيانا,أنثى
فكتر,ذكر
منهالله,أنثى
ليشع,ذكر
نورس,أنثى
عكوش,ذكر
ساجد,ذكر
عبدوليم,ذكر
محمدى,ذكر
اجود,ذكر
قبيل,ذكر
عزيزالدين,ذكر
الشرولى,ذكر
مقبل,ذكر
زهرالله,ذكر
سمحى,ذكر
باهىالدين,ذكر
اقواطين,ذكر
واعد,ذكر
قابل,ذكر
نضال,ذكر
لدين,ذكر
الخوزاعى,ذكر
ابسم,ذكر
يمنى,ذكر
عفالله,ذكر
القيس,ذكر
ابوالعز,ذكر
عبدالجميد,ذكر
عطيان,ذكر
عيدالمجيد,ذكر
تركيه,أنثى
عبدلوهاب,ذكر
محمدربيع,ذكر
زهوه,أنثى
ديك,ذكر
سهر,أنثى
سونه,أنثى
نهرو,ذكر
شمخ,ذكر
جاورجى,ذكر
بلبل,ذكر
محمدكمال,ذكر
عنقوله,ذكر
رجأ,ذكر
شالوش,ذكر
يوستسنا,أنثى
البصرى,ذكر
اليوسفى,ذكر
فلامون,ذكر
توقيق,ذكر
بشراى,ذكر
نياظ,ذكر
المنذر,ذكر
عبدالمنتسب,ذكر
همام,ذكر
عبداحمد,ذكر
عبدكرومل,ذكر
عطفى,ذكر
كلثوم,ذكر
امبيه,أنثى
ليسي,ذكر
مايزه,أنثى
فصل,ذكر
اميز,أنثى
تقى,أنثى
عبدالمستجاب,ذكر
مضان,ذكر
دبيكي,ذكر
مرزبان,ذكر
ابرا,ذكر
هيم,ذكر
غزاوى,ذكر
اغانى,أنثى
يادم,ذكر
اوديت,أنثى
دليمى,ذكر
سلسبيل,أنثى
افكارين,ذكر
سيرين,أنثى
منفى,ذكر
دبيكى,ذكر
لطيفه,أنثى
سسالم,ذكر
بصيص,ذكر
السمان,ذكر
مفاح,ذكر
غراره,ذكر
الصيفى,ذكر
حست,ذكر
علمى,ذكر
برديسى,ذكر
اكرام,أنثى
ايفان,أنثى
ابوصيام,ذكر
نطر,ذكر
عبدالغتى,ذكر
لبنى,ذكر
زيداز,ذكر
مؤمنه,أنثى
فياض,ذكر
اشر,ذكر
ف,ذكر
سداد,ذكر
حفظى,ذكر
هتلر,ذكر
سكران,ذكر
فائق,ذكر
حرنى,ذكر
شلتوت,ذكر
رائق,ذكر
خليلم,ذكر
فلاح,ذكر
عبدالباقلى,ذكر
عبداعزيز,ذكر
افتنون,ذكر
هبدالعال,ذكر
اسيه,أنثى
حدور,ذكر
عباللطيف,ذكر
ابوالسباع,ذكر
ثناء,أنثى
عبدالرحممن,ذكر
عبدشبيب,ذكر
ابوديله,ذكر
عبدالحليل,ذكر
ابواللبل,ذكر
سياف,ذكر
شمت,ذكر
الألفي,ذكر
زعزوع,ذكر
ابوالسباغ,ذكر
جبرئيل,ذكر
الصديق,ذكر
غبدالعال,ذكر
غبدالحفيظ,ذكر
احترام,أنثى
الاصهب,ذكر
مطرود,ذكر
عبدجريس,ذكر
شلقانى,ذكر
اسليمان,ذكر
عبدالنصير,ذكر
ويلى,ذكر
عبدالناجى,ذكر
ابوالدلال,ذكر
مسمح,ذكر
لقمان,ذكر
افنيس,أنثى
النبى,ذكر
رهف,أنثى
بنزويل,ذكر
بيرو,ذكر
ناروس,ذكر
دح,ذكر
نوال,ذكر
رميح,ذكر
سماوى,ذكر
بحراوى,ذكر
باريز,ذكر
عبدابو,ذكر
عبدابوالليل,ذكر
عموش,ذكر
نصيب,ذكر
اليزيد,ذكر
الاسلام,ذكر
معاتيق,ذكر
شهده,أنثى
لطيوش,ذكر
رسلان,ذكر
قصى,ذكر
طرفايه,ذكر
شريناز,أنثى
حصاوى,ذكر
مفتاج,ذكر
قذافي,ذكر
ابومدين,ذكر
ابوالعزعبده,ذكر
عطيفى,ذكر
ناصرالدين,ذكر
ماهرعثمان,ذكر
الحجازى,ذكر
هرون,ذكر
محمدطارق,ذكر
نودى,ذكر
بسطا,ذكر
محمودالصغير,ذكر
غنى,ذكر
بطيحه,ذكر
محمدامين,ذكر
عمرهشام,ذكر
باهر,ذكر
النسيمى,ذكر
كارلس,ذكر
ضياءالدين,ذكر
ماهرمحمود,ذكر
نصرسيد,ذكر
زعلول,ذكر
محمدالبدر,ذكر
مصيلحى,ذكر
مدثر,ذكر
ريحاب,ذكر
احمدماهر,ذكر
محمدرفعت,ذكر
عزيزالدىن,ذكر
الضبع,ذكر
عامرطلب,ذكر
حسونه,ذكر
قمصان,ذكر
محمدمهني,ذكر
ريفان,أنثى
وحبد,ذكر
فرح,أنثى
الفارس,ذكر
مريد,ذكر
برهيجي,ذكر
نغم,أنثى
روميساء,أنثى
فيرا,أنثى
فوده,ذكر
باتريك,ذكر
واسيلى,ذكر
دنيال,ذكر
انسى,ذكر
فلتس,ذكر
تادروس,ذكر
براء,أنثى
محمدعادل,ذكر
جولى,أنثى
عطاي,ذكر
نظيف,ذكر
سدين,أنثى
الخراط,ذكر
سلبمان,ذكر
صوفيا,أنثى
فيرونيكا,أنثى
جوارجى,ذكر
كاتى,أنثى
لميس,أنثى
مارولا,أنثى
ماهينور,أنثى
منة,أنثى
ميرونا,أنثى
شمروخ,ذكر
جومانه,أنثى
كرار,ذكر
ترنيم,أنثى
مارلى,أنثى
هانبا,أنثى
جان,ذكر
كارل,ذكر
رؤف,ذكر
مايك,ذكر
ميلر,ذكر
ايثار,أنثى
جنا,أنثى
الهام,ذكر
وعدالله,ذكر
مسامح,ذكر
دومه,ذكر
عبدالوالى,ذكر
خبيب,ذكر
تودرى,ذكر
براهيم,ذكر
يا,ذكر
سين,ذكر
بولص,ذكر
نياظى,ذكر
الغباشى,ذكر
الفرغلى,ذكر
ماذن,ذكر
اوسام,ذكر
تقي,ذكر
وسمى,ذكر
عبدالمعبدعبدالنبى,ذكر
محمدراضى,ذكر
ايـات,أنثى
ابـراهيم,ذكر
عبدالكـريم,ذكر
عـلاء,ذكر
عبدالولى,ذكر
عبدالرجال,ذكر
استمالك,ذكر
صابرى,ذكر
زناتى,ذكر
روقيه,أنثى
عمده,ذكر
صفيناز,أنثى
مارثا,أنثى
حواتكى,ذكر
الطبرى,ذكر
حريز,ذكر
حج,ذكر
وعد,أنثى
مححمد,ذكر
حجارى,ذكر
اردينه,أنثى
اسيل,أنثى
ايفا,أنثى
اعتصام,ذكر
عبداباسط,ذكر
ض,ذكر
ث,ذكر
بىسمله,أنثى
تقا,أنثى
تميمه,أنثى
السر,ذكر
ربيعي,ذكر
كلحي,ذكر
حسوبه,ذكر
لولى,ذكر
شدا,أنثى
لمى,أنثى
محمدحسن,ذكر
مقلد,ذكر
النبي,ذكر
ميراى,أنثى
ميسم,أنثى
نرفانا,أنثى
ع,ذكر
همس,أنثى
هيلن,أنثى
جاستن,أنثى
قطيط,ذكر
سولينا,أنثى
لجين,أنثى
مارفن,أنثى
مورين,أنثى
ميرام,أنثى
هولى,أنثى
هيلارى,أنثى
عطفان,ذكر
عبدالسند,ذكر
ناظر,ذكر
مساك,ذكر
جيوفانى,ذكر
سيمون,ذكر
عبدالخير,ذكر
البيومى,ذكر
هوى,ذكر
عبالرحمن,ذكر
مولر,ذكر
نوناى,ذكر
اثير,أنثى
اشكيناز,أنثى
اغابى,أنثى
العلياء,أنثى
عطاى,ذكر
اوجينه,أنثى
تسبيح,أنثى
عبالمسيح,ذكر
جودى,أنثى
رأغت,ذكر
اقبال,ذكر
رودينه,أنثى
روفانا,أنثى
ت,ذكر
النوبى,ذكر
عبدالعزبز,ذكر
"،",ذكر
فرونيكا,أنثى
البدري,ذكر
مللك,ذكر
ز,ذكر
مايجن,أنثى
بربرى,ذكر
عسران,ذكر
ايسن,أنثى
ناجي,ذكر
احمدمحمد,ذكر
الفريد,ذكر
سامنثا,أنثى
زهيف,ذكر
عجايبي,ذكر
انطونيو,ذكر
الفكرى,ذكر
مخلص,ذكر
فتى,ذكر
م,ذكر
عطيتو,ذكر
ابومخلوف,ذكر
محمدالعبد,ذكر
الطاهر,ذكر
العادلى,ذكر
منذر,ذكر
شمشوم,ذكر
ارسولا,أنثى
جورجينا,أنثى
ابوالعزم,ذكر
التركى,ذكر
عبدالروؤف,ذكر
دمترى,ذكر
تاروز,ذكر
داوس,ذكر
فيرجينيا,أنثى
روبرت,ذكر
ليفون,ذكر
الحبيب,ذكر
مايوركا,أنثى
الطويل,ذكر
ميرال,أنثى
رحماء,أنثى
الهجان,ذكر
اكثم,ذكر
النزهي,ذكر
البركاوى,ذكر
ابوخيشه,ذكر
الديب,ذكر
خفاجي,ذكر
الاسيد,ذكر
البدراوى,ذكر
رينيه,أنثى
بريده,ذكر
خضرواى,ذكر
عبداالعزيز,ذكر
نوزاد,ذكر
الفت,أنثى
ابوالطيب,ذكر
بركسام,أنثى
شهرى,ذكر
عسقلان,ذكر
بري,ذكر
عبدالوالي,ذكر
عدالفتاح,ذكر
لطفيه,أنثى
مارتين,أنثى
عطيطو,ذكر
ناعسه,أنثى
ابوالحجاج,ذكر
يؤنا,أنثى
روديلف,ذكر
تسن,ذكر
معبدسيد,ذكر
الأمين,ذكر
زعفر,ذكر
موهوب,ذكر
ليسى,ذكر
محمدنور,ذكر
محمدشيتوى,ذكر
عصماء,أنثى
عطاف,أنثى
الأزهرى,ذكر
نجوه,أنثى
بوسف,ذكر
الغنى,ذكر
شريعى,ذكر
الصغبر,ذكر
براهبم,ذكر
الغزالى,ذكر
مطيعى,ذكر
القدرى,ذكر
القطيعى,ذكر
مزارع,ذكر
عوف,ذكر
عبدالكر,ذكر
يم,ذكر
ارستين,أنثى
ايرين,أنثى
ايفت,أنثى
بارثينا,أنثى
ابوضيف,ذكر
روزالين,أنثى
المختار,ذكر
ماريام,أنثى
عزير,ذكر
حببب,ذكر
نرجس,أنثى
مشهد,ذكر
يؤانا,أنثى
حمدالله,ذكر
ميجر,ذكر
جوناثان,ذكر
قناويل,ذكر
العزيز,ذكر
تنداوى,ذكر
جبالي,ذكر
سكنه,أنثى
سوسو,أنثى
سوسينه,أنثى
احمدالحسينى,ذكر
صنيوره,أنثى
الحسيني,ذكر
مرينه,أنثى
تلاوى,ذكر
ياسرر,ذكر
ناجد,ذكر
محمدعمر,ذكر
انجلوس,ذكر
رماح,ذكر
عبدالحكبم,ذكر
رضاى,ذكر
سرالختم,ذكر
واحى,ذكر
ابوالعمران,ذكر
خضيرى,ذكر
جنيدي,ذكر
شتوي,ذكر
نبوت,ذكر
اشراف,ذكر
عوص,ذكر
رافائيل,ذكر
معبدصابر,ذكر
سعاده,أنثى
عليات,أنثى
شازلى,ذكر
شرازى,ذكر
قصدى,ذكر
اوفديه,أنثى
عبدالودود,ذكر
عسكر,أنثى
خضير,ذكر
البطل,ذكر
نظل,أنثى
هزلن,ذكر
ابوالهدى,ذكر
سركيس,ذكر
مطر,ذكر
هرني,ذكر
عسير,ذكر
قبارى,ذكر
امساك,ذكر
عببدالحميد,ذكر
حمدون,ذكر
الصالحين,ذكر
شندي,ذكر
شطبى,ذكر
عبدالاله,ذكر
عالى,ذكر
طلال,ذكر
غرام,أنثى
يارب,ذكر
خلى,ذكر
ايراهيم,ذكر
سرجيوس,ذكر
الهيثم,ذكر
ميلا,ذكر
لمعي,ذكر
ناحج,ذكر
ذوق,ذكر
فلو,ذكر
باتير,ذكر
اسطاوروس,ذكر
خليله,ذكر
عبدالحكميم,ذكر
مطير,ذكر
عهدى,ذكر
اوجينى,أنثى
ايار,أنثى
ديما,أنثى
ردينه,أنثى
علوه,ذكر
سلسبيلا,أنثى
بايزيد,ذكر
الهواري,ذكر
مارفل,أنثى
وريث,ذكر
جويله,أنثى
عبدالماجد,ذكر
ايهم,ذكر
محمدالزيني,ذكر
الرستم,ذكر
--------,ذكر
البرنس,ذكر
وضيئ,ذكر
عبدالمعطي,ذكر
النميرى,ذكر
نعنوس,ذكر
عقيل,ذكر
تاغي,ذكر
مرضى,ذكر
عبدالباصير,ذكر
لحمد,ذكر
بن,ذكر
نتج,ذكر
غضوب,ذكر
عارفين,ذكر
العقيلى,ذكر
مستغاضي,ذكر
ماضبي,ذكر
سلوان,أنثى
شحوت,ذكر
شورى,ذكر
عبدالصابور,ذكر
ارمياء,ذكر
بنامين,ذكر
جيوشي,ذكر
جيوشى,ذكر
مملوك,ذكر
سايمان,ذكر
كيرولس,ذكر
عبدالعزيو,ذكر
منجد,ذكر
فاز,ذكر
عبدالعزير,ذكر
اسرء,أنثى
حسنه,أنثى
رسانى,ذكر
عبدالدين,ذكر
يوءنا,أنثى
اابراهيم,ذكر
عفيفه,أنثى
مهيار,أنثى
اكمل,ذكر
قشيرى,ذكر
مشعال,ذكر
شيبوب,ذكر
عبدعبدالله,ذكر
الياب,ذكر
عبدالجاير,ذكر
عبدالنعبم,ذكر
شيخ,ذكر
روحه,ذكر
وهيبه,أنثى
ادمرداش,ذكر
السقا,ذكر
عزمي,ذكر
حنل,ذكر
اصمعى,ذكر
زاير,ذكر
زكارى,ذكر
سهيلا,أنثى
غرباوى,ذكر
الى,ذكر
جورجيوس,ذكر
ايمنه,أنثى
جبل,ذكر
عشور,ذكر
سنجام,ذكر
فجر,ذكر
فدراوى,ذكر
عبدالسلا,ذكر
كفافى,ذكر
اصنعى,ذكر
ثيودورا,أنثى
حدقه,أنثى
زياد,أنثى
رايق,ذكر
مريام,أنثى
يوانا,أنثى
عبدمحمد,ذكر
ابوالعينين,ذكر
محلوف,ذكر
بسيخرون,ذكر
برقى,ذكر
جليانا,أنثى
محمدعزت,ذكر
موده,أنثى
حواش,ذكر
محمدالبيومى,ذكر
نيازى,ذكر
قناوي,ذكر
مراحب,أنثى
عايش,ذكر
ميسره,ذكر
الحفنى,ذكر
الفتوح,ذكر
كابر,أنثى
مرسا,أنثى
عبالعزيز,ذكر
يمنه,أنثى
صهار,ذكر
وقيم,ذكر
نورفانا,أنثى
حلو,ذكر
ابوالشيخ,ذكر
افيولا,أنثى
سدراوي,ذكر
حسانبن,ذكر
انطوني,ذكر
صومائيل,ذكر
بشات,ذكر
هزلى,ذكر
اربسيما,أنثى
العشرى,ذكر
حجازي,ذكر
متيسر,ذكر
اسمى,أنثى
ديانه,أنثى
يوناى,ذكر
الازرق,ذكر
مارسه,أنثى
سرافيل,ذكر
محمدسعيد,ذكر
خورشيد,ذكر
محي,ذكر
اصنعي,ذكر
خسيين,ذكر
تؤفيق,ذكر
شمر,ذكر
جاليه,ذكر
هيتم,ذكر
دكروري,ذكر
زقزوق,ذكر
الدارقطنى,ذكر
كامله,أنثى
مونس,ذكر
خرستو,ذكر
نبيه,أنثى
ابوالعطا,ذكر
فوكيه,ذكر
ابنوب,ذكر
السباع,ذكر
النقيب,ذكر
فخر,ذكر
محمدنجيب,ذكر
لوز,ذكر
الشاهد,ذكر
صلا,ذكر
ح,ذكر
قلفاوى,ذكر
فنجري,ذكر
خيشه,ذكر
اصباع,ذكر
ابوالريش,ذكر
جميان,ذكر
كمالى,ذكر
ابوعبيده,ذكر
الريش,ذكر
ايرائى,أنثى
ابواليامين,ذكر
حكمت,أنثى
قليعي,ذكر
مصري,ذكر
راغده,أنثى
جداوي,ذكر
عبدالغفور,ذكر
هريدي,ذكر
عنايات,أنثى
قزمول,ذكر
بشوت,ذكر
مهتاب,أنثى
عبدالقافي,ذكر
مجدي,ذكر
لما,أنثى
ر,ذكر
عبدالشافعى,ذكر
نفوس,ذكر
فيضى,ذكر
زكرى,أنثى
عشيرى,ذكر
السبيعى,ذكر
غزالي,ذكر
قرشى,ذكر
هائم,ذكر
ها,أنثى
جر,ذكر
نجد,ذكر
فايض,ذكر
ابوحلفه,ذكر
الكسبان,ذكر
خرش,ذكر
محمد.,ذكر
النقراشى,ذكر
عقباوي,ذكر
جيميانه,أنثى
انورى,ذكر
هلباوى,ذكر
ريحان,أنثى
محمدرجب,ذكر
لليان,أنثى
الدراوس,ذكر
حلمىى,ذكر
محمدفولى,ذكر
سوسو,ذكر
ابومعانى,ذكر
المولي,ذكر
زوين,ذكر
طرفاوي,ذكر
زكرىا,ذكر
شفقيق,ذكر
حكمات,أنثى
صبحه,أنثى
عبدالحواد,ذكر
طياب,ذكر
كسوات,ذكر
ابوشناف,ذكر
ذهني,ذكر
الساعدي,ذكر
الشامخ,ذكر
دويب,ذكر
طغيان,ذكر
خطيره,أنثى
غندى,ذكر
معبدمختار,ذكر
عزاز,ذكر
ثاوفيلس,ذكر
رب,ذكر
انجيلوس,ذكر
رئيس,ذكر
كسبان,ذكر
سحر,ذكر
بشندي,ذكر
جليه,ذكر
ريتاج,أنثى
قمير,ذكر
عبدالحريص,ذكر
جارح,ذكر
قواطين,ذكر
صاغ,ذكر
دمرداشي,ذكر
شكل,ذكر
الحسناء,أنثى
الطاف,أنثى
محمدنادى,ذكر
دليا,أنثى
راند,أنثى
اميرالمؤمنين,ذكر
متع,ذكر
والى,ذكر
علواني,ذكر
اوعاد,أنثى
بزاده,أنثى
حكيمه,أنثى
حموه,ذكر
عزيمه,أنثى
منياوى,ذكر
واثق,ذكر
نتعى,ذكر
عمارى,ذكر
الجالي,ذكر
العربي,ذكر
ابوسعود,ذكر
براء,ذكر
اليس,أنثى
شعيت,ذكر
ابوالنجد,ذكر
زير,ذكر
ليليان,أنثى
بشارى,ذكر
شاؤول,ذكر
عبدالرءوف,ذكر
عجيان,ذكر
شيت,ذكر
عطوان,ذكر
الرهيف,ذكر
صمؤيل,ذكر
دريس,ذكر
مكارم,ذكر
بهلوى,ذكر
صموئي,ذكر
مرعي,ذكر
حباسى,ذكر
روبيل,ذكر
"على	",ذكر
فورى,ذكر
تواضروس,ذكر
فنيار,ذكر
تيموناوس,ذكر
عدبد,ذكر
الجليل,ذكر
راضيه,أنثى
جيره,ذكر
نوفانه,أنثى
ابوالطاهر,ذكر
فاريز,ذكر
قوزى,ذكر
برعي,ذكر
نقاوى,ذكر
افلاديوس,ذكر
الخضر,ذكر
مودى,ذكر
رباح,أنثى
عراقي,ذكر
محسون,ذكر
شال,ذكر
مندروى,ذكر
نودي,ذكر
عربان,ذكر
ميرغنى,ذكر
ميصر,ذكر
ابوقرمان,ذكر
عبدالرجمن,ذكر
مندورى,ذكر
مزيون,ذكر
ميرت,أنثى
ميسر,ذكر
يا,أنثى
سمين,ذكر
الحديدى,ذكر
ونس,ذكر
خافظ,ذكر
برت,ذكر
نهاد,ذكر
عراب,ذكر
البسطاوى,ذكر
محمدجمال,ذكر
جستين,أنثى
سعدون,ذكر
مايبل,أنثى
ناغى,ذكر
قلديوس,ذكر
بساليوس,ذكر
الراضى,ذكر
خلي,ذكر
افراج,أنثى
ساكن,ذكر
نان,ذكر
قضيان,ذكر
جيوش,ذكر
مكاوي,ذكر
بسالي,ذكر
كنز,ذكر
بغدادي,ذكر
البحيري,ذكر
صفوان,ذكر
محمدعبدالبارى,ذكر
جادالمولى,ذكر
النوبي,ذكر
عبدالواجد,ذكر
انتونى,ذكر
جاكسى,ذكر
روميرو,ذكر
شعماش,ذكر
مؤذن,ذكر
النادى,ذكر
مشال,ذكر
ليمون,ذكر
يوسام,ذكر
غيطان,ذكر
مشاضي,ذكر
لصيق,ذكر
مراجع,ذكر
ابريك,ذكر
المنفي,ذكر
مشحوت,ذكر
المنفى,ذكر
لبنه,أنثى
الشرقاوى,ذكر
همالى,ذكر
نبيشي,ذكر
فداوي,ذكر
ابوفرده,ذكر
حلات,ذكر
نايف,ذكر
مطلق,ذكر
سقام,ذكر
رومانده,أنثى
مادين,أنثى
الجندى,ذكر
اوتير,ذكر
كسوان,ذكر
وظيف,ذكر
ديمترى,ذكر
فلامين,ذكر
انبيشى,ذكر
شناف,ذكر
ميكل,ذكر
ارشاد,أنثى
الأصنعى,ذكر
عبداالله,ذكر
امبيش,ذكر
عبدالحقيظ,ذكر
عبالسلام,ذكر
زاهيه,أنثى
صفىالدين,ذكر
تاجى,ذكر
عقب,ذكر
طنطاوي,ذكر
متصور,ذكر
المجدوب,ذكر
خميش,ذكر
ترتيل,أنثى
زيس,أنثى
عبالجواد,ذكر
عداوى,ذكر
خليف,ذكر
دردرير,ذكر
الرعد,ذكر
اشمونى,ذكر
اشموني,ذكر
ذكرا,أنثى
قريوى,ذكر
عندليب,أنثى
فاروز,ذكر
بركه,ذكر
ايمان,ذكر
طامي,ذكر
ريحانه,أنثى
عطايلله,ذكر
غازى,ذكر
ميكائيل,ذكر
ابوقيله,ذكر
اللافى,ذكر
بانوه,ذكر
عبداللطف,ذكر
انورين,أنثى
بنان,أنثى
جويريه,أنثى
روال,أنثى
مشرقي,ذكر
عيناء,أنثى
لوجينا,أنثى
ليالى,أنثى
حناوى,ذكر
نعم,ذكر
هان,أنثى
زاده,ذكر
تميم,ذكر
برتله,ذكر
وسيلى,ذكر
باسيلي,ذكر
كيفن,ذكر
امنون,ذكر
الشيمي,ذكر
نورسين,أنثى
خديوى,ذكر
مللك,أنثى
همسه,أنثى
زانا,أنثى
بوزان,ذكر
رموك,ذكر
محمود,أنثى
كاميران,ذكر
افوميه,أنثى
جوانه,أنثى
راعوث,أنثى
سميوت,أنثى
شنوده,أنثى
فرنيكا,أنثى
فورينا,أنثى
كرستا,أنثى
ظهران,ذكر
كريستى,أنثى
مقاريوس,ذكر
بموا,ذكر
ملقا,ذكر
دماديوس,ذكر
ضبيع,ذكر
عجابيى,ذكر
مسيحه,ذكر
استريكا,أنثى
باغوش,ذكر
ميرهم,ذكر
هلتر,ذكر
بؤاد,ذكر
غنوم,ذكر
ماجدى,ذكر
عبدالملام,ذكر
ذكره,ذكر
احد,ذكر
خطيرى,ذكر
محمدالمهدى,ذكر
ذاحمدذ,ذكر
محمدماضى,ذكر
حبب,ذكر
عبادالدين,ذكر
كريمو,ذكر
حساسين,ذكر
عوني,ذكر
سامير,ذكر
قدري,ذكر
القطشه,ذكر
أحمد,ذكر
عبدالثالوث,ذكر
عبدناصر,ذكر
عبدالجلبل,ذكر
عبدالقهار,ذكر
ميره,أنثى
اسامى,ذكر
جويلى,ذكر
شحلته,ذكر
الديم,ذكر
عبدالفهيم,ذكر
زاخرنوس,ذكر
رضيه,أنثى
المجد,ذكر
الشاذلى,ذكر
عيدالعزيز,ذكر
ذايد,ذكر
عبدالروف,ذكر
زيزى,أنثى
ريدي,ذكر
نقراشى,ذكر
خمدى,ذكر
محمدالجبالى,ذكر
غادة,أنثى
المالك,ذكر
المنجى,ذكر
خليفة,ذكر
فادية,أنثى
العال,ذكر
الكافى,ذكر
الحكم,ذكر
الحى,ذكر
الصمد,ذكر
سعدالله,ذكر
المجيد,ذكر
نبيلة,أنثى
العاطى,ذكر
السميع,ذكر
المعطى,ذكر
السلام,ذكر
صمود,أنثى
بسمه,ذكر
طناس,ذكر
نيلى,أنثى
مطراوى,ذكر
الملاك,ذكر
العليم,ذكر
جهلان,ذكر
الجابر,ذكر
نورالهدى,أنثى
اذان,أنثى
عبدالمطلوب,ذكر
معزوز,ذكر
اسما,أنثى
اليسيا,أنثى
معبدسليمان,ذكر
انديرا,أنثى
غاندى,ذكر
ايتن,أنثى
وجيد,ذكر
ترفينا,أنثى
زهدي,ذكر
ثيؤدورا,أنثى
محمدصلاح,ذكر
رستم,ذكر
رومياء,أنثى
قشيري,ذكر
زواتى,ذكر
مارستا,أنثى
وسمن,ذكر
عصفور,ذكر
محمدنصر,ذكر
ميراف,أنثى
رؤوق,ذكر
اهله,أنثى
برسكلا,أنثى
بريسكلا,أنثى
تريزا,أنثى
رئيفه,أنثى
مايدى,أنثى
الكسان,ذكر
بستكلى,ذكر
محمدعبدالحميد,ذكر
استفين,ذكر
طرخان,ذكر
العيسوى,ذكر
اللَه,ذكر
امان,ذكر
فصيحى,ذكر
الدرملى,ذكر
لوزه,ذكر
شناوى,ذكر
متوشلح,ذكر
الداكر,ذكر
درباله,ذكر
محمدفتحى,ذكر
محمدفؤاد,ذكر
اتهم,ذكر
دغار,ذكر
العمده,ذكر
عبداللَه,ذكر
احمدهانى,ذكر
زياده,ذكر
عطار,ذكر
نعوم,ذكر
مدحث,ذكر
السفاوى,ذكر
زغيب,ذكر
كبرلس,ذكر
محمدسمير,ذكر
غا,أنثى
ليه,ذكر
معبداحمد,ذكر
نمس,ذكر
هدؤ,أنثى
برشومى,ذكر
بردويلى,ذكر
سمبر,ذكر
قدوس,ذكر
اوسانيا,أنثى
ريبعى,ذكر
بياتريس,أنثى
عبلدالرحيم,ذكر
بشررى,ذكر
هانئ,ذكر
فرنسا,ذكر
سنيوره,أنثى
لافنيا,أنثى
رؤفائيل,ذكر
سدارى,ذكر
شمعون,ذكر
سبيل,ذكر
الراوى,ذكر
بيجيمى,ذكر
جوفانى,ذكر
طنجر,ذكر
اخنوخ,ذكر
الاحنف,ذكر
باييس,ذكر
صموئبل,ذكر
طباعه,ذكر
فالمون,ذكر
رودا,أنثى
يونا,أنثى
بيير,ذكر
بربتوا,أنثى
زارع,ذكر
شبانه,ذكر
عجاج,ذكر
سمعت,ذكر
حسا,ذكر
نين,ذكر
برسيس,أنثى
بركه,أنثى
ابوقير,ذكر
روزينا,أنثى
بطاح,ذكر
ادورد,ذكر
زوات,أنثى
فرحانه,أنثى
شكيب,ذكر
نصرالله,ذكر
مبرنا,أنثى
قطا,ذكر
رأ,ذكر
فت,ذكر
"ميرنا	",أنثى
"فضل	",ذكر
ابوالزين,ذكر
فلتاوؤس,ذكر
الضلف,ذكر
رايد,ذكر
ديماس,ذكر
باهور,ذكر
خشيت,ذكر
قسطندى,ذكر
سمور,ذكر
ملقه,ذكر
سالمان,ذكر
ابورحاب,ذكر
انشر,ذكر
معمر,ذكر
بهيه,أنثى
زين,أنثى
منظر,ذكر
شمعه,أنثى
مريه,أنثى
بدالحميد,ذكر
عبالمجيد,ذكر
محمدرحب,ذكر
فاتح,ذكر
سا,ذكر
لم,ذكر
محمدعبدالله,ذكر
شحا,ذكر
ته,ذكر
المجاهد,ذكر
شديد,ذكر
عبدالو,ذكر
هاب,ذكر
فا,أنثى
طمه,ذكر
ما,ذكر
جد,ذكر
سعدواى,ذكر
نيارا,أنثى
يو,أنثى
ستينا,ذكر
حفطى,ذكر
يسريه,أنثى
ياقوت,ذكر
كا,ذكر
مل,ذكر
ملتجى,ذكر
واثل,ذكر
سمسم,ذكر
ظايط,ذكر
طا,ذكر
رق,ذكر
عبدالتو,ذكر
اب,ذكر
عطفت,ذكر
هند,ذكر
اوى,ذكر
ابر,ذكر
الين,ذكر
دنبا,أنثى
زناتي,ذكر
مكاسب,أنثى
زهري,ذكر
هويمل,ذكر
ايويكر,ذكر
عويمر,ذكر
عبدالمبدي,ذكر
حسانيين,ذكر
مناور,ذكر
باسيلى,ذكر
فوقى,ذكر
عنترا,ذكر
عبدين,ذكر
شوبان,ذكر
بدين,ذكر
امجاد,أنثى
ايره,أنثى
صفوه,ذكر
شحانه,ذكر
ظنى,ذكر
قابول,ذكر
فتيان,ذكر
غنا,ذكر
مجد,ذكر
نعناع,ذكر
الحمامى,ذكر
مخمير,ذكر
ابواليسر,ذكر
صرمان,ذكر
روبيلى,ذكر
مشعل,ذكر
حرم,أنثى
برقي,ذكر
صهيون,ذكر
وهب,ذكر
محمدرفاعى,ذكر
ابوحسيبه,ذكر
حقيق,ذكر
كتان,ذكر
بسالى,ذكر
محمدناجى,ذكر
محمدعصام,ذكر
فهيمه,أنثى
تمترى,ذكر
فيليم,ذكر
يايرس,ذكر
شبراوى,ذكر
سيناء,أنثى
معالى,أنثى
عبدالرحبم,ذكر
رسميه,أنثى
لقيه,أنثى
وداد,ذكر
يبانى,ذكر
هيشام,ذكر
اَلاء,أنثى
رابى,ذكر
بارزينا,أنثى
عزيزالدبن,ذكر
وقفى,ذكر
ابوصغير,ذكر
اسماعييل,ذكر
وهاب,ذكر
بسطاوى,ذكر
عظيمه,أنثى
راعى,ذكر
ابوالحمايد,ذكر
الفضل,ذكر
قرش,ذكر
الشعرانى,ذكر
افيت,أنثى
حنيه,أنثى
قمرات,أنثى
كريه,أنثى
فيظ,ذكر
العز,ذكر
داهش,ذكر
رائده,أنثى
عزرا,ذكر
شفيقه,أنثى
فانا,ذكر
ناورز,ذكر
سريانى,ذكر
ماردونا,ذكر
ابوالطراطير,ذكر
الوفا,ذكر
ساري,ذكر
عبدالفادر,ذكر
فرنوانى,ذكر
واسق,ذكر
مرندا,أنثى
اليه,ذكر
معانى,أنثى
اليمين,ذكر
الحمايد,ذكر
كرولس,ذكر
عبدالرب,ذكر
راشدان,ذكر
الجناينى,ذكر
جناينى,ذكر
عقيلي,ذكر
اصلان,ذكر
زينى,ذكر
رضى,أنثى
ابوبريق,ذكر
بدراوى,ذكر
توكال,ذكر
سبيعى,ذكر
مظنى,ذكر
الليف,ذكر
الاريا,أنثى
جلوجى,أنثى
طير,ذكر
شمشون,ذكر
السعد,ذكر
فوقيه,أنثى
كريشه,ذكر
وسيله,أنثى
طيب,ذكر
مجمد,ذكر
عبدالفاضل,ذكر
معدن,ذكر
د,أنثى
نيا,ذكر
رودى,أنثى
تاجح,ذكر
لندا,أنثى
مشنب,ذكر
بعزق,ذكر
عشيري,ذكر
ضاوى,ذكر
اثيبه,أنثى
غويل,ذكر
مشالى,ذكر
حكمه,أنثى
را,أنثى
نا,ذكر
عرفه,أنثى
واجد,ذكر
ممتثل,ذكر
وجيهه,أنثى
ازلى,ذكر
منسوب,ذكر
صياح,ذكر
شيبون,ذكر
حظ,ذكر
معبدحسن,ذكر
عببد,ذكر
المنطلب,ذكر
وزيرى,ذكر
درديرى,ذكر
زعيم,ذكر
اربسينا,أنثى
مارتينه,أنثى
فابق,ذكر
نابليون,ذكر
عيدالوارث,ذكر
كبر,ذكر
فكتوريا,أنثى
اليوس,ذكر
تفيده,أنثى
موعود,ذكر
رءوف,ذكر
انبيا,ذكر
سابا,ذكر
استيفين,ذكر
شاربيم,ذكر
بونيه,ذكر
كلام,ذكر
رهيف,ذكر
اسخرون,ذكر
وايز,ذكر
موريد,ذكر
باسيليوس,ذكر
ادب,أنثى
شهام,ذكر
دكتور,ذكر
شكلى,ذكر
خلودى,ذكر
عبدالعظيمم,ذكر
محرس,ذكر
عبدالحمبد,ذكر
طارف,ذكر
محمدالدمرداش,ذكر
شاور,ذكر
روميدا,أنثى
زهيره,أنثى
بحران,ذكر
قنعان,ذكر
حســــــام,ذكر
جهينى,ذكر
خالــد,ذكر
اسماغيل,ذكر
سروجى,ذكر
رولينا,أنثى
ليزداشير,ذكر
جيسون,ذكر
طوس,ذكر
نتاج,ذكر
ابتهاج,أنثى
خورس,ذكر
حاضر,ذكر
يسطا,ذكر
ريحات,أنثى
سماره,أنثى
عابر,ذكر
محمدحسنى,ذكر
روبين,ذكر
درياق,ذكر
عون,ذكر
مغيب,ذكر
الساعدين,ذكر
بنداره,ذكر
معنوى,ذكر
لوزا,أنثى
تيرو,ذكر
بنزيون,ذكر
رمانى,ذكر
الدبو,ذكر
براد,ذكر
عبدالاه,ذكر
مغازى,ذكر
علشور,ذكر
ليله,أنثى
مبدى,ذكر
يولا,أنثى
قزمال,ذكر
سيلفر,ذكر
قرنفيلى,ذكر
ابوخطوه,ذكر
راقى,ذكر
عزره,ذكر
غندر,ذكر
نتالين,أنثى
ندرين,أنثى
باندى,ذكر
مايوريكا,أنثى
اغادير,أنثى
برايه,ذكر
رانيم,أنثى
رانين,أنثى
برزى,ذكر
جوليانا,أنثى
نورين,أنثى
اغا,ذكر
بندر,ذكر
حسيبه,ذكر
عبدالحافيظ,ذكر
قسام,ذكر
شمرون,ذكر
الكاشف,ذكر
خطيب,ذكر
درملي,ذكر
روفلئيل,ذكر
درديربدوى,ذكر
جزيره,ذكر
طريف,ذكر
مشرفم,ذكر
ساميح,ذكر
ليسكو,ذكر
بستفروس,ذكر
صحصاح,ذكر
ريد,ذكر
لوزى,ذكر
جوزبف,ذكر
سنان,ذكر
فرويس,ذكر
فينى,ذكر
البغدادى,ذكر
ضورار,ذكر
احمدمختار,ذكر
رومى,ذكر
فليته,ذكر
حزقيال,ذكر
ؤياض,ذكر
فليم,ذكر
حاروس,ذكر
مليك,ذكر
حتس,ذكر
خضراوي,ذكر
دايفيد,ذكر
جنتلمان,ذكر
روفائبل,ذكر
سويفي,ذكر
كلارك,ذكر
عاجل,ذكر
فرايم,ذكر
ماكن,ذكر
سايح,ذكر
رسل,ذكر
ماتوشالح,ذكر
تودير,ذكر
اّيه,أنثى
جانو,أنثى
عبداتواب,ذكر
رابحه,أنثى
اصيل,ذكر
جناح,ذكر
عبدلحليم,ذكر
عبدالعطى,ذكر
زهزه,ذكر
ممصطفى,ذكر
مندو,ذكر
مارسيلينو,ذكر
ثويبه,أنثى
درملى,ذكر
جلاء,ذكر
الباشا,ذكر
حريشي,ذكر
درامللى,ذكر
مورينا,أنثى
رابين,ذكر
حريش,ذكر
حميل,ذكر
نزبه,ذكر
تغرير,أنثى
قطابى,ذكر
كترين,أنثى
عبدالراضي,ذكر
عزتلى,ذكر
اصيله,أنثى
عسقلاني,ذكر
مزمز,ذكر
علا,ذكر
عبدالمغيث,ذكر
المامون,ذكر
عبدلرشيد,ذكر
لويذ,ذكر
ابنسام,أنثى
اعتدال,أنثى
دماس,ذكر
عزارى,ذكر
منسي,ذكر
انايسمون,أنثى
عمدان,ذكر
بوعذ,ذكر
لوندي,ذكر
عزرى,ذكر
تناغو,ذكر
استطفانوس,ذكر
دونيا,أنثى
حنالله,ذكر
رين,أنثى
سارا,أنثى
سومه,أنثى
تناغي,ذكر
شيلوميز,أنثى
لابان,ذكر
فيفان,أنثى
لبان,ذكر
لظيم,ذكر
لوئيس,أنثى
لورينا,أنثى
بوعز,ذكر
اختيار,ذكر
كنعان,ذكر
نتعي,ذكر
ماقى,أنثى
زخطوط,ذكر
يمن,ذكر
مناسى,ذكر
شروبيم,ذكر
بندي,ذكر
لوريس,ذكر
وسلينه,أنثى
شامل,ذكر
عدلي,ذكر
راوبين,ذكر
يوسق,ذكر
انسيمس,ذكر
اوشام,ذكر
سليدس,ذكر
رحبعام,ذكر
كندى,ذكر
كتكوت,ذكر
مزيد,ذكر
غمرى,ذكر
حناالله,ذكر
رافى,ذكر
بهاج,ذكر
لمبو,ذكر
عدراوى,ذكر
نادير,ذكر
شاول,ذكر
جحرود,ذكر
فيلمون,ذكر
زرعي,ذكر
قسطنجي,ذكر
عذاري,ذكر
نايه,ذكر
بالي,ذكر
محفوض,ذكر
رزقالله,ذكر
شمام,ذكر
شكور,ذكر
ندي,ذكر
عقيلى,ذكر
انا,أنثى
احمدغريب,ذكر
سنبه,أنثى
كاترينه,أنثى
فلتاؤس,ذكر
سانيوس,ذكر
فرمن,ذكر
ميمونه,أنثى
ابوسفين,ذكر
كاتب,ذكر
سوستانيس,ذكر
عبدالمجلي,ذكر
لحظى,ذكر
حفظي,ذكر
متيوس,ذكر
غرباس,ذكر
جورجيه,ذكر
وزيس,ذكر
ورمس,ذكر
فكيوس,ذكر
الويس,ذكر
اغرباس,ذكر
راؤف,ذكر
عبدالمفيد,ذكر
مفيده,أنثى
كلوبا,ذكر
سوارس,ذكر
الوين,ذكر
حارص,ذكر
جبرا,ذكر
فيرلند,أنثى
لوريسا,أنثى
روس,ذكر
مارجو,أنثى
سيجفر,ذكر
يحنس,ذكر
راؤوف,ذكر
روابين,ذكر
اريانوس,ذكر
فضلله,ذكر
لكسان,ذكر
لويد,ذكر
زهجر,ذكر
مبلاد,ذكر
مرقوريوس,ذكر
شكيم,ذكر
دوابه,ذكر
شقالله,ذكر
ازيس,أنثى
مريانس,ذكر
باسيلوس,ذكر
صابور,ذكر
بهجه,أنثى
جمال,أنثى
عبدالهلال,ذكر
جلبي,ذكر
لوزا,ذكر
روماندا,أنثى
مستقيم,ذكر
ازنهور,ذكر
تلب,ذكر
طالع,ذكر
جبا,ذكر
كارتر,ذكر
دفش,ذكر
تلكه,ذكر
حرزالله,ذكر
بسكالي,ذكر
غبره,ذكر
عزاريا,ذكر
ناظير,ذكر
متريوس,ذكر
فيفو,ذكر
خزين,ذكر
مقدسى,ذكر
كلاووس,ذكر
يؤانس,ذكر
دلفى,ذكر
ورد,ذكر
محمدفكرى,ذكر
سكره,أنثى
مارفيل,أنثى
لبس,ذكر
عراندس,ذكر
ياقوت,أنثى
محمدالعشماوى,ذكر
مندي,ذكر
القناوى,ذكر
خلفه,ذكر
العشماوى,ذكر
مجيب,ذكر
كارلوس,ذكر
محمدشعراوى,ذكر
مر,ذكر
برهانى,ذكر
اسيمون,أنثى
اشتياق,أنثى
فرياقص,ذكر
الكس,أنثى
جاكين,أنثى
نعمام,ذكر
جرمين,أنثى
مقابل,ذكر
مبرك,ذكر
مردخان,ذكر
عسله,أنثى
بلاشون,ذكر
توسن,ذكر
ملطي,ذكر
بادى,ذكر
فنتر,ذكر
كيرلص,ذكر
فرانسيس,ذكر
موجود,ذكر
توفيليس,ذكر
يسه,ذكر
ميساك,ذكر
سكله,ذكر
سبالوس,ذكر
لورين,أنثى
امونيوس,ذكر
سان,ذكر
سيرل,ذكر
واسيم,ذكر
مارتيروس,ذكر
ايلاريون,ذكر
ساروفيم,ذكر
عجمي,ذكر
اسكوندس,ذكر
ابشالوم,ذكر
قرقاقص,ذكر
دهمان,ذكر
مقعود,ذكر
ابوزايد,ذكر
قط,ذكر
محمدعباس,ذكر
ابوالمعاطي,ذكر
جمالالدين,ذكر
عشمالله,ذكر
عبدالعاال,ذكر
عرىى,ذكر
ابوزبد,ذكر
معطى,ذكر
بدى,ذكر
عيس,ذكر
خاف,ذكر
تاغى,ذكر
ابوحنين,ذكر
شاهرالدين,ذكر
عبدالخالد,ذكر
نفير,ذكر
بواب,ذكر
المراغنى,ذكر
ميز,أنثى
معبدمرسى,ذكر
محسوب,ذكر
نابيل,ذكر
شلوفه,ذكر
لفيا,أنثى
فيلو,ذكر
قلاديوس,ذكر
خلبل,ذكر
عبدالصانع,ذكر
معبدعبدالمالك,ذكر
منيب,ذكر
عزميه,أنثى
عسوي,ذكر
شعلان,ذكر
رفقى,ذكر
فريجه,ذكر
مأمونى,ذكر
عبداللرشيد,ذكر
استنيس,ذكر
مهيوب,ذكر
معانى,ذكر
سمهان,ذكر
فلفل,ذكر
فكيه,ذكر
سامين,ذكر
زكربا,ذكر
رامونا,أنثى
وهدى,ذكر
وجهى,ذكر
ترتيب,ذكر
رباح,ذكر
وهدان,ذكر
ندين,أنثى
هيسم,ذكر
عبدالمجلى,ذكر
محمدهشام,ذكر
سقاو,ذكر
هدايا,أنثى
معبدابوزيد,ذكر
جميلد,ذكر
عبدالهادئ,ذكر
ريده,أنثى
لاظ,ذكر
شاه,ذكر
عبداللمالك,ذكر
عبدالمطيع,ذكر
عبدالعنى,ذكر
يكر,ذكر
معبدعبدالله,ذكر
حام,ذكر
سيبويه,ذكر
رودينا,أنثى
ساميا,أنثى
ابوجامع,ذكر
فليت,أنثى
احمدالبدوى,ذكر
هان,ذكر
عريف,ذكر
ابوالعنين,ذكر
عقوب,ذكر
اروا,أنثى
عبدالرقيب,ذكر
عبدالمحى,ذكر
تقوه,ذكر
بيه,ذكر
عبدالمغني,ذكر
اّدم,ذكر
فدوه,أنثى
غبدالرحيم,ذكر
منز,ذكر
عاشيرى,ذكر
الملك,ذكر
يهى,ذكر
جوهرى,ذكر
سابق,ذكر
استيفون,ذكر
محمدجميل,ذكر
وسليدس,ذكر
عاطر,ذكر
عبالحميد,ذكر
تيطس,ذكر
زيلون,ذكر
عيدالمنعم,ذكر
عواض,ذكر
طباع,ذكر
معداوى,ذكر
الامبر,ذكر
بهدال,ذكر
الاول,ذكر
سمار,أنثى
فكرات,أنثى
نوهان,أنثى
سائب,ذكر
شامه,أنثى
نوار,أنثى
عطوى,ذكر
تناظر,أنثى
سرتيال,ذكر
كاترن,أنثى
جو,ذكر
زعفان,ذكر
بخيته,أنثى
شحتوت,ذكر
سبيع,ذكر
طوبه,ذكر
بى,ذكر
نقى,ذكر
مشابط,ذكر
قوى,ذكر
حد,أنثى
ثبوت,ذكر
عين,ذكر
سمحه,أنثى
دهانى,ذكر
نعاس,ذكر
منثى,أنثى
نعمات,ذكر
دهماني,ذكر
مفادى,ذكر
مستور,ذكر
جروش,ذكر
ابوه,ذكر
ميفن,أنثى
بهيجى,ذكر
روفيه,ذكر
قتحى,ذكر
رانبا,أنثى
كنى,ذكر
سار,أنثى
ه,ذكر
شاطر,ذكر
مرداشى,ذكر
قبيلى,ذكر
عزه,ذكر
راكان,ذكر
جادالمولي,ذكر
علاالله,ذكر
معز,ذكر
ابوالجبال,ذكر
حجر,ذكر
ابوالحبال,ذكر
اعمارى,ذكر
عيساوى,ذكر
ابوزكايب,ذكر
الختمى,ذكر
محمدجابر,ذكر
زولجى,ذكر
عدروس,ذكر
لؤلى,ذكر
بقيعى,ذكر
شاكيب,ذكر
جاوى,ذكر
كزم,ذكر
عبدالشكؤر,ذكر
عبدالتاغى,ذكر
مبصر,ذكر
فورتنيه,ذكر
حمديه,ذكر
ايلاء,أنثى
جسن,ذكر
عادلى,ذكر
بساط,ذكر
المبى,ذكر
عاشورى,ذكر
حارس,ذكر
شرانى,ذكر
بهيجه,أنثى
عبدالشاكر,ذكر
بهائى,ذكر
احمدحلمى,ذكر
قابيل,ذكر
سهيم,ذكر
مزاج,ذكر
تحسين,ذكر
حجاب,ذكر
زكيه,أنثى
ابوالعرب,ذكر
رضه,ذكر
نحمد,ذكر
اهاب,ذكر
الستار,ذكر
نوناي,ذكر
اغاثون,ذكر
زقلف,ذكر
جمدى,ذكر
هتاء,أنثى
معبدعبدالرازق,ذكر
عامرناجى,ذكر
معبدعلى,ذكر
كايد,ذكر
بياضه,أنثى
جفلان,ذكر
شجيع,ذكر
ساوى,ذكر
نجيم,ذكر
فجرالاسلام,ذكر
عبالمنعم,ذكر
ابوعريبه,ذكر
وريت,ذكر
عبدالرخمن,ذكر
ادريه,أنثى
سلامه,أنثى
عادلي,ذكر
محمودالقاضى,ذكر
عبدالكبير,ذكر
مساوى,ذكر
عطايا,ذكر
زوق,أنثى
سويرى,ذكر
سلوم,أنثى
حمزاء,ذكر
وزيره,أنثى
مشادي,ذكر
ارنس,ذكر
ابوغدير,ذكر
عبدالصليح,ذكر
غرياس,ذكر
لوله,أنثى
ابوالمواهب,ذكر
محمدهانى,ذكر
جهمى,ذكر
هايكن,أنثى
العرينى,ذكر
عبدالحيكم,ذكر
عبدالناجي,ذكر
معاذالعرينى,ذكر
سيداحمد,ذكر
ابراهييم,ذكر
عامرعمده,ذكر
محممود,ذكر
حميحم,ذكر
افيد,ذكر
عدالحميد,ذكر
الحاظ,أنثى
برايا,ذكر
تمنى,أنثى
عبدالماللك,ذكر
حيص,ذكر
بيسم,ذكر
يثا,ذكر
رغدان,ذكر
ريس,ذكر
غرباوي,ذكر
بيرم,ذكر
فتوخ,ذكر
دراملى,ذكر
قرشي,ذكر
سمان,ذكر
رسوم,أنثى
نيازي,ذكر
سامحى,ذكر
نديره,أنثى
رمون,ذكر
عبدالصالح,ذكر
عزتلي,ذكر
ضو,ذكر
جيلاني,ذكر
محمدايمن,ذكر
ابوالاطرش,ذكر
سجا,أنثى
نانى,أنثى
عبدالاول,ذكر
فهممى,ذكر
محمدعبدالرحيم,ذكر
سيفيان,ذكر
امين‏,ذكر
دريه,أنثى
شدوى,أنثى
بقوسي,ذكر
بريكه,ذكر
دمرى,ذكر
عبدالشافى‏,ذكر
النور,ذكر
عيدالباقى,ذكر
زخروف,ذكر
عوام,ذكر
عتاب,أنثى
خيرت,ذكر
ابوعريف,ذكر
عبدالأول,ذكر
سكندس,ذكر
هلاوى,ذكر
عبدالمريد,ذكر
عبدالقادز,ذكر
سيهام,أنثى
شموع,أنثى
عثملن,ذكر
جلاتينه,أنثى
قصيبه,أنثى
لورانس,أنثى
قمحاوى,ذكر
داش,ذكر
عبدالشفى,ذكر
بهنسي,ذكر
نصحي,ذكر
دشت,ذكر
شخلال,ذكر
ابوقاسم,ذكر
علون,ذكر
مخطار,ذكر
عبدالمرتضى,ذكر
عبدالطاهر,ذكر
الباسل,ذكر
عبداللذى,ذكر
الزهيرى,ذكر
ملكى,ذكر
ريلض,ذكر
كرستيان,ذكر
الضاوى,ذكر
عبدالجلي,ذكر
وقاد,ذكر
رجات,أنثى
عبدالحارث,ذكر
حجو,ذكر
ابوريس,ذكر
ابوربى,ذكر
سمبحه,أنثى
ساطان,ذكر
سربانه,ذكر
شرشال,ذكر
ماديو,ذكر
عبدالساتر,ذكر
بريئه,أنثى
دوله,أنثى
الفت,ذكر
ابوحطب,ذكر
ابوسديره,ذكر
بكارى,ذكر
فندي,ذكر
مرزه,ذكر
الياسين,ذكر
مزبون,ذكر
ذاكر,ذكر
فهلوي,ذكر
انطوان,ذكر
ابوراجح,ذكر
صاموئيل,ذكر
فريدى,ذكر
حمدين,ذكر
فهلوى,ذكر
لقى,ذكر
مور,ذكر
"	",ذكر
باكت,ذكر
مجيده,أنثى
منتصف,ذكر
زراعى,ذكر
بيدق,ذكر
ابومرسي,ذكر
ابواليمن,ذكر
غبدالكريم,ذكر
كرمين,أنثى
رجاه,أنثى
كردى,ذكر
بهجى,ذكر
فيلوبانير,ذكر
تونه,ذكر
وارد,ذكر
دنيا,ذكر
ابوالدرداء,ذكر
عهود,أنثى
نصفى,ذكر
احمدسالم,ذكر
شحرور,ذكر
عبالحكيم,ذكر
عبداللهى,ذكر
شافع,ذكر
مذيون,ذكر
عبدالعالم,ذكر
ملاحظ,ذكر
عزقول,ذكر
بشاير,أنثى
بحيح,ذكر
مجلع,ذكر
مممدوح,ذكر
فجرى,ذكر
عبدالوهيب,ذكر
مصطف,ذكر
سجيع,ذكر
ثنيه,أنثى
عساوي,ذكر
رويدى,ذكر
مغامس,ذكر
فراوله,أنثى
عاصف,ذكر
بمباوى,ذكر
لوثر,ذكر
عبدالجكيم,ذكر
سكت,ذكر
عربي,ذكر
مسلن,ذكر
عبلدالنظير,ذكر
عمرالفاروق,ذكر
راهب,ذكر
ادفاوى,ذكر
ميدو,ذكر
عزقلانى,ذكر
خضرراوى,ذكر
بحيره,ذكر
حبر,ذكر
ارمس,ذكر
قمح,ذكر
عبدالوحد,ذكر
صنع,ذكر
نصوح,ذكر
نديه,أنثى
السدات,ذكر
عقال,ذكر
مزهجر,ذكر
دريدي,ذكر
محمدالكحلاوى,ذكر
عبدالمناف,ذكر
نص,ذكر
شيبا,ذكر
لفظى,ذكر
مديح,ذكر
محمدصبرى,ذكر
ملوك,أنثى
محطاوى,ذكر
داعى,ذكر
السايح,ذكر
ابوالهيجات,ذكر
عسقول,ذكر
عبدالمهين,ذكر
فاكر,ذكر
عممرو,ذكر
مطحطح,ذكر
ابونوير,ذكر
صيفانى,ذكر
اسناد,أنثى
زوق,ذكر
خراشى,ذكر
الظريف,ذكر
عبدالمقتدر,ذكر
عنتره,ذكر
صاري,ذكر
فكره,أنثى
فرعون,ذكر
عبدالبار,ذكر
محمدصفى,ذكر
رواع,ذكر
قريشي,ذكر
غضان,ذكر
سفير,ذكر
تاوفيلس,ذكر
ابونصير,ذكر
مزاد,ذكر
سويحه,ذكر
لاوى,ذكر
زهان,ذكر
عتاب,ذكر
يوافيم,ذكر
حلفايه,ذكر
حلوي,ذكر
سريان,ذكر
مارنيه,أنثى
زعتر,ذكر
محقوظ,ذكر
عبدالموجو,ذكر
صفر,ذكر
نوير,أنثى
زنا,ذكر
عبدالديم,ذكر
محمدالنادى,ذكر
افريم,ذكر
سميرى,ذكر
صيره,ذكر
سباويه,ذكر
سهلى,ذكر
تكال,ذكر
سداروس,ذكر
محمدابوالفتوح,ذكر
محمدزكى,ذكر
جعوير,ذكر
عسيرى,ذكر
عقاد,ذكر
الحافظ,ذكر
صبري,ذكر
زلوم,ذكر
جدام,ذكر
صبرين,أنثى
لميا,أنثى
محمدرجاء,ذكر
خليفى,ذكر
صابات,أنثى
حنونه,أنثى
كفايه,ذكر
طحطاوى,ذكر
السجرى,ذكر
ابوالهلايل,ذكر
اصمعي,ذكر
مدنيه,أنثى
يو,ذكر
سف,ذكر
بح,ذكر
السيدحمدى,ذكر
ذاخر,ذكر
سداروى,ذكر
سدرا,ذكر
ايسر,ذكر
سعد,أنثى
الهنا,ذكر
عبدالخفيظ,ذكر
معبدعلي,ذكر
عبداليديع,ذكر
نتعيه,أنثى
نشأه,ذكر
اللطيف,ذكر
"الكريم
",ذكر
التواب,ذكر
ضايع,ذكر
الظاهر,ذكر
"يحيى
",ذكر
مصطفى حمدى عبدالناصر محمود,ذكر
الحفيظ,ذكر
المقصود,ذكر
"الجليل
",ذكر
"لبيب
",ذكر
محمودمحسن,ذكر
منتهى,أنثى
محمدعبدالباقى,ذكر
ابوبكرايهاب,ذكر
عبدالجابراحمد,ذكر
احمدجمال,ذكر
تعيلب,ذكر
زمزم,ذكر
رضاء,ذكر
عدوي,ذكر
السعدي,ذكر
العدوى,ذكر
لؤا,أنثى
الأزهري,ذكر
الرفاعي,ذكر
زنونى,ذكر
الجبلى,ذكر
التلب,ذكر
هنداوي,ذكر
عقباوى,ذكر
ابوفاخره,ذكر
اهيم,ذكر
فهدى,ذكر
مكايد,ذكر
صديقه,أنثى
متحد,ذكر
عند,أنثى
المنبي,ذكر
شقلوب,ذكر
عربيد,ذكر
مناصير,ذكر
العابد,ذكر
العبدحفنى,ذكر
عقاب,ذكر
تعلب,ذكر
رسيم,ذكر
مشرى,ذكر
غيته,ذكر
نايض,ذكر
بطل,ذكر
الجلفى,ذكر
ابوشليته,ذكر
بسيطه,أنثى
بندور,ذكر
كيشار,ذكر
شجاع,ذكر
توفيقه,أنثى
سوعيد,ذكر
ممبى,ذكر
العمران,ذكر
الخياط,ذكر
منقطنى,ذكر
بشبر,ذكر
محمدمحى,ذكر
الشريعي,ذكر
الشريعى,ذكر
ابوالمعاطى,ذكر
كربم,ذكر
الزيرسالم,ذكر
جدامى,ذكر
السواح,ذكر
روضى,أنثى
الجنيدى,ذكر
الMى,ذكر
تادى,ذكر
افكرين,ذكر
مسرى,ذكر
القاضي,ذكر
ر,أنثى
يهام,ذكر
قبيص,ذكر
رجوى,أنثى
سبله,ذكر
بسيس,ذكر
سمياء,أنثى
السيدالبدوى,ذكر
النابغه,ذكر
الريدي,ذكر
التايب,ذكر
ربيعه,ذكر
محمدنجاتى,ذكر
مرتاح,ذكر
فتاح,ذكر
ابوهوله,ذكر
حتيته,ذكر
انيسمون,أنثى
راوه,أنثى
ابوشوك,ذكر
لوره,أنثى
عبداجواد.,ذكر
سونا,أنثى
ساعى,ذكر
محمدحسانين,ذكر
حاملين,أنثى
صبيح,ذكر
عبدلنبى,ذكر
الضبعى,ذكر
منبر,ذكر
جبيل,ذكر
اشليل,ذكر
رشا,ذكر
النعمان,ذكر
طيف,ذكر
ابوعونه,ذكر
رعد,ذكر
انفراج,أنثى
العبدجوده,ذكر
طاهره,أنثى
اجبالى,ذكر
شليل,ذكر
قرج,ذكر
تلا,ذكر
عوامى,ذكر
ابوالهنا,ذكر
عبودى,ذكر
جلول,ذكر
الطحاوى,ذكر
متيبت,ذكر
النايص,ذكر
معبدضيف,ذكر
عبدالفنى,ذكر
النص,ذكر
بسطاروس,ذكر
جسيكا,أنثى
حمدين,أنثى
روضا,أنثى
سمون,أنثى
شفيف,ذكر
الترهونى,ذكر
هنتش,ذكر
منطاع,ذكر
عشني,ذكر
مطيع,ذكر
مهيدي,ذكر
جاير,ذكر
رمضام,ذكر
مغنينى,ذكر
شرابى,ذكر
قروانى,ذكر
طوغان,ذكر
مسموع,ذكر
توبه,أنثى
شهندا,أنثى
سمرات,ذكر
نورمه,أنثى
حامدعبدالحميد,ذكر
اميه,ذكر
عبداالرحمن,ذكر
ابوشليه,ذكر
عطاء,ذكر
ارضا,ذكر
صوفه,ذكر
دلع,أنثى
الشريم,ذكر
البر,ذكر
بديوى,ذكر
الحسانين,ذكر
مفرج,ذكر
مرغلى,ذكر
الغيث,ذكر
يزل,ذكر
الشحات,ذكر
افكار,أنثى
سغد,ذكر
محمدالهادى,ذكر
شمرول,ذكر
شمردل,ذكر
مسعده,أنثى
العطفي,ذكر
الشارف,ذكر
شردوح,ذكر
الصيفي,ذكر
العشنى,ذكر
دعدوش,ذكر
تماوى,ذكر
الجبالى,ذكر
ذغبى,ذكر
مشاعر,أنثى
مضشاضى,ذكر
داؤد,ذكر
رواق,ذكر
بكار,ذكر
القلا,ذكر
مقيدم,ذكر
البقوشى,ذكر
بسراوى,ذكر
الساكر,ذكر
رويضه,أنثى
الصابر,ذكر
الجالى,ذكر
شمياء,أنثى
الدبولى,ذكر
سهرى,ذكر
امال,ذكر
بيبرس,ذكر
فتوح,أنثى
بيبى,ذكر
معبدعبدالوهاب,ذكر
نمير,ذكر
حنبولى,ذكر
ابوجليل,ذكر
فضيله,أنثى
ملزم,أنثى
ابوعجيزه,ذكر
جبرانى,ذكر
ابوبكرعمران,ذكر
شافى,ذكر
حويل,ذكر
هديله,ذكر
جب,ذكر
عببدالجواد,ذكر
ابوالبهجى,ذكر
عرب,ذكر
فاوى,ذكر
زهدى,ذكر
مايفين,ذكر
راوف,ذكر
اولجا,أنثى
خالى,ذكر
جلورى,أنثى
جوفانا,أنثى
جويسى,أنثى
روشان,أنثى
رونه,أنثى
سامراء,أنثى
سليفيا,أنثى
طيف,أنثى
فانا,أنثى
فكريه,أنثى
شارود,ذكر
مارتى,أنثى
ناسولان,ذكر
مرتكى,ذكر
فاايز,ذكر
ناتلى,أنثى
نزلاوي,ذكر
دان,أنثى
بابونى,ذكر
روزلين,أنثى
الششتاوى,ذكر
لؤنيس,أنثى
بانوى,ذكر
نسائم,أنثى
جياب,ذكر
عبدعبدالغنى,ذكر
كورلس,ذكر
اساعيل,ذكر
رودلف,ذكر
السيدمحمدمكين,ذكر
صفتى,ذكر
بور,ذكر
الماظ,ذكر
ابوصباح,ذكر
المنصور,ذكر
المؤمن,ذكر
بازيد,ذكر
جاسمن,أنثى
القاضى,ذكر
رومانس,ذكر
ستيفانى,أنثى
رفاء,أنثى
ساجده,أنثى
حته,ذكر
العين,ذكر
دهشور,ذكر
محمودعبدالعال,ذكر
ابوالعزائم,ذكر
احمدحسن,ذكر
علمر,ذكر
صباحى,ذكر
دبلع,ذكر
الشفعى,ذكر
غرياني,ذكر
الزيادي,ذكر
محمدحسين,ذكر
بيره,ذكر
عيدالفتاح,ذكر
بسطاويسى,ذكر
الجهمى,ذكر
احيد,ذكر
لوزه,أنثى
القاياتى,ذكر
مغازي,ذكر
ابراء,أنثى
انتسال,أنثى
حفظه,أنثى
حسبالله,ذكر
عدل,أنثى
شكرانى,ذكر
غصوب,ذكر
ااحمد,ذكر
هيبت,أنثى
كرمات,ذكر
معبدالجهمي,ذكر
التهامى,ذكر
وفى,ذكر
شعبا,ذكر
ن,ذكر
محمدانور,ذكر
صاير,ذكر
قوضى,ذكر
جابالله,ذكر
حملى,ذكر
التابعى,ذكر
مجسر,ذكر
كسروى,ذكر
عصوه,ذكر
المقداد,ذكر
جلوى,ذكر
طالح,ذكر
عبدالعظبم,ذكر
مقدم,ذكر
شلوف,ذكر
منجود,ذكر
شعلا,ذكر
عزى,ذكر
الظايط,ذكر
شتا,ذكر
عبدالرحمان,ذكر
صفاءالدين,ذكر
غرزالدين,ذكر
حياة,أنثى
خطوه,ذكر
رفل,أنثى
زاهي,ذكر
منصوره,أنثى
زيادي,ذكر
نجاة,أنثى
سميع,ذكر
هور,ذكر
الدماطى,ذكر
غفاري,ذكر
السيدعثمان,ذكر
القوضى,ذكر
حندله,ذكر
ابواليازيد,ذكر
التوني,ذكر
الزنونى,ذكر
ابوالكرمات,ذكر
الزيادى,ذكر
شاميه,أنثى
شمه,أنثى
القرشى,ذكر
ابرراهيم,ذكر
وجينات,أنثى
ياسمبن,أنثى
عبدالمبدى,ذكر
التعلب,ذكر
انورنعاس,ذكر
جوكندا,أنثى
غفران,أنثى
فكيهه,أنثى
محمدعرابى,ذكر
عنطر,ذكر
الشلقام,ذكر
عطيفه,ذكر
سويرس,ذكر
ابوحمده,ذكر
جيانا,أنثى
الباقي,ذكر
ابوحميده,ذكر
فضالى,ذكر
تفاوي,ذكر
هديوى,ذكر
حيات,أنثى
كثروى,ذكر
ابوغنبمه,ذكر
الوفدى,ذكر
اشواق,أنثى
هنطش,ذكر
ندا,ذكر
السارى,ذكر
زكرا,أنثى
فاخره,ذكر
نشوان,أنثى
بهيدل,ذكر
بطران,ذكر
كرم,أنثى
نورالله,أنثى
زيتون,ذكر
تادورس,ذكر
مبده,ذكر
زاتون,ذكر
الفتح,ذكر
نوفير,ذكر
طلحه,ذكر
القوى,ذكر
رفا,أنثى
ندي,أنثى
عبدالمعنم,ذكر
نحاتى,ذكر
صبور,ذكر
خلافا,ذكر
انيسيمون,أنثى
كرمه,ذكر
بشتلى,ذكر
عبدمجدى,ذكر
العبدكامل,ذكر
ارشاق,ذكر
مارسلينو,ذكر
المتولى,ذكر
ري,ذكر
يسري,ذكر
زاغب,ذكر
ابودكر,ذكر
عببيد,ذكر
شناوي,ذكر
مقاوي,ذكر
اثار,أنثى
شميى,ذكر
تسيمون,أنثى
ميصائيل,ذكر
فورنيا,أنثى
فيرويت,أنثى
فلويز,ذكر
وعد,ذكر
لبن,ذكر
نسيمون,أنثى
ايسم,ذكر
خليصى,ذكر
لياس,ذكر
خرستوس,ذكر
فليفل,ذكر
موندى,ذكر
شويل,ذكر
رينال,ذكر
جلوي,ذكر
الس,أنثى
بلسان,أنثى
رافع,ذكر
ملعب,ذكر
صفطى,ذكر
عيدى,ذكر
نورما,أنثى
ابوالجواد,ذكر
نوبار,ذكر
راجوه,أنثى
منادى,ذكر
مشهندا,أنثى
جدمى,ذكر
رزقين,أنثى
سنده,أنثى
عبدالمهدى,ذكر
كارمن,أنثى
انتصار,ذكر
توسم,ذكر
محدالصغير,ذكر
محمدعنتر,ذكر
محمدفهمى,ذكر
بسينه,أنثى
علباء,أنثى
الدريمى,ذكر
جهام,ذكر
المسلمانى,ذكر
محمدعبدالجواد,ذكر
الجمل,ذكر
محمدكامل,ذكر
احمدجمعه,ذكر
محمدعفت,ذكر
احمدعصام,ذكر
عبدالررحمن,ذكر
السنوسي,ذكر
ابارهيم,ذكر
نزير,ذكر
ميتخطرى,ذكر
السيدذ,ذكر
عبداالوهاب,ذكر
مرهون,ذكر
زامل,ذكر
الهانى,ذكر
حتشبسوت,أنثى
البشتى,ذكر
زيزان,أنثى
لحام,ذكر
قرشلى,ذكر
بشتى,ذكر
ابوريشه,ذكر
الدرى,ذكر
الزنفلى,ذكر
عدالوهاب,ذكر
البهنساوى,ذكر
ابوالمى,ذكر
عبدالرازاق,ذكر
الحلبى,ذكر
ابوطعيمه,ذكر
شلش,ذكر
نجود,أنثى
محموداحمد,ذكر
الكويس,ذكر
ابلاريه,أنثى
راسيلداس,ذكر
هنصر,ذكر
روميل,ذكر
اغمارى,ذكر
شملول,ذكر
قاسى,ذكر
لنقط,ذكر
صلحى,ذكر
عطاف,ذكر
استشهاد,أنثى
امتثال,أنثى
عبدالشواف,ذكر
لولا,أنثى
احمدالشافعى,ذكر
عبدالمول,ذكر
وفقيه,أنثى
كرامات,ذكر
ابوزوبع,ذكر
جاكير,ذكر
مراجي,ذكر
متخطرى,ذكر
ميده,ذكر
سبيق,ذكر
ظروق,ذكر
المرغلى,ذكر
الهوى,ذكر
الربع,ذكر
هديهد,ذكر
ابوعقوله,ذكر
بقوشى,ذكر
الجلوى,ذكر
رمايسه,أنثى
ابوشوق,ذكر
كراميد,ذكر
ء,ذكر
اصلاح,أنثى
ايـه,أنثى
تفاحه,أنثى
الروبى,ذكر
الساوى,ذكر
مــى,أنثى
جـلال,ذكر
ابوزيــد,ذكر
عصـام,ذكر
فـؤاد,ذكر
يحـى,ذكر
الانقط,ذكر
خص,أنثى
سهليه,أنثى
الدخلى,ذكر
بنى,ذكر
فانيوس,ذكر
الجلى,ذكر
سلموس,ذكر
امالى,ذكر
رفوت,ذكر
منيسي,ذكر
امل,ذكر
وذير,ذكر
ابوطوق,ذكر
ابوالنجف,ذكر
الجارحي,ذكر
الأمير,ذكر
فرانس,ذكر
طرزان,ذكر
السويفى,ذكر
ابوريه,ذكر
ثمان,ذكر
ابوعزيز,ذكر
ضويحى,ذكر
دانيا,أنثى
طبيب,ذكر
بسال,ذكر
سيديوسف,ذكر
سناره,ذكر
مكه,أنثى
نوبى,ذكر
محمدبلاش,ذكر
ابوالعلاه,ذكر
ميرى,ذكر
بيرلى,أنثى
تداوس,ذكر
سمحي,ذكر
هجره,أنثى
الصفتى,ذكر
تدري,ذكر
غنيمى,ذكر
شيخون,ذكر
سماره,ذكر
الدرديري,ذكر
تيام,ذكر
ادولف,ذكر
دبنا,أنثى
دولفرتا,أنثى
ابوالعيدعلى,ذكر
مارو,أنثى
عجيبه,ذكر
مرجريت,أنثى
ابوخضره,ذكر
تلت,ذكر
سيلمان,ذكر
اورمان,ذكر
اندارواس,ذكر
بسله,ذكر
يوئيل,ذكر
السبد,ذكر
بيتى,أنثى
جانا,أنثى
مونيا,أنثى
عهد,ذكر
البراء,ذكر
اسرار,أنثى
ابوالغيث,ذكر
عرام,ذكر
نائل,ذكر
اليون,ذكر
انجلكا,أنثى
باترسيا,أنثى
بفلى,ذكر
ررضا,ذكر
هلاله,أنثى
احمود,ذكر
معمار,ذكر
اروشيد,ذكر
الشوربجى,ذكر
رسلت,ذكر
قصد,ذكر
ابوالعبدعلى,ذكر
العبدابوزيد,ذكر
كليفر,ذكر
عئمان,ذكر
ضمر,ذكر
عبدالرحن,ذكر
ثالوث,ذكر
شزى,أنثى
سواعى,ذكر
تسم,ذكر
طيشه,ذكر
الدرديرى,ذكر
اسوداني,ذكر
عبداللأه,ذكر
الماس,ذكر
.حسنى,ذكر
جيزاوى,ذكر
مدني,ذكر
عابدالله,ذكر
عبدالواهاب,ذكر
ابوستيت,ذكر
معتزبالله,ذكر
كسروي,ذكر
العودين,ذكر
هرمس,ذكر
خديوي,ذكر
حُسن,أنثى
حويتى,ذكر
علايلى,ذكر
سوهيله,أنثى
نصيب,أنثى
مغاوري,ذكر
دهروطي,ذكر
الحادى,ذكر
الأخضر,ذكر
معبدعبدالفتاح,ذكر
الكسروي,ذكر
احمدعلى,ذكر
الديوش,ذكر
غزاوي,ذكر
نصرى,ذكر
ذهوه,أنثى
غوديه,أنثى
جورجويس,ذكر
ترك,ذكر
حارث,ذكر
الجدامى,ذكر
عونه,ذكر
قصيى,ذكر
محم,ذكر
تقه,أنثى
خزاعى,ذكر
هاميس,أنثى
يمني,ذكر
حمال,ذكر
فزع,ذكر
شربجى,ذكر
الغرباوى,ذكر
واليد,ذكر
عبدالاعاطى,ذكر
نسناوى,ذكر
سجود,أنثى
نزهه,أنثى
امر,ذكر
الصغيرموسى,ذكر
الاشهب,ذكر
راحيل,ذكر
طاليع,ذكر
الشناوي,ذكر
عبدالتعيم,ذكر
لوهاب,ذكر
معني,ذكر
نويشى,ذكر
معجب,ذكر
العسيوى,ذكر
جملات,أنثى
محمدالهبيل,ذكر
هريره,ذكر
نفوسه,أنثى
راشح,ذكر
ارويده,أنثى
رجا,ذكر
واصفه,أنثى
سعودي,ذكر
دسوفى,ذكر
ابونهار,ذكر
نافذ,ذكر
ابوعامر,ذكر
مناوى,ذكر
جهان,أنثى
طيران,ذكر
شبلى,ذكر
ضاويه,أنثى
مرتم,ذكر
بلهاس,ذكر
محمد-,ذكر
اجلال,أنثى
محروسه,أنثى
شرنوبى,ذكر
مىّ,أنثى
برامل,ذكر
مدنيى,ذكر
عبالوهاب,ذكر
نوها,أنثى
مهندى,ذكر
عطيفي,ذكر
ابوالليف,ذكر
عبد\اللطيف,ذكر
لانا,أنثى
ليشيع,ذكر
اللسيد,ذكر
فرنس,ذكر
شعيشع,ذكر
هايل,ذكر
كرماوى,ذكر
الدلايل,ذكر
مصطقى,ذكر
بديرى,ذكر
بديري,ذكر
ابوالدلايل,ذكر
بالكريم,ذكر
باهيه,أنثى
ابورواش,ذكر
قدوار,ذكر
ذهور,أنثى
وجدان,أنثى
ميهرائيل,أنثى
لمين,ذكر
مجدوب,ذكر
سنى,ذكر
محمدثابت,ذكر
لاجوده,ذكر
ارزيق,ذكر
الفتاح,ذكر
سدن,ذكر
رواش,ذكر
جليدى,ذكر
جليد,ذكر
عيداحمد,ذكر
قيس,ذكر
رفا,ذكر
مجدا,أنثى
ابوحوش,ذكر
غيث,ذكر
هاشيما,ذكر
مسميه,أنثى
حثيثه,ذكر
ابوهشيما,ذكر
كذه,ذكر
باز,ذكر
خلفالله,ذكر
مًعتز,ذكر
بيداء,أنثى
جوليت,أنثى
تدروس,ذكر
لاره,أنثى
مارجيريت,أنثى
خضيري,ذكر
نريمن,أنثى
نهاوند,أنثى
حزيفه,ذكر
رخيص,ذكر
ميلانيه,أنثى
ابوجريده,ذكر
سلم,ذكر
فرنسبس,ذكر
ماريوس,ذكر
يسطس,ذكر
الدامى,ذكر
ميسومه,أنثى
الداتى,ذكر
تيسر,أنثى
ولا,أنثى
قارون,ذكر
سعودات,أنثى
غنى,أنثى
الغريب,ذكر
شرشراوي,ذكر
محرنجى,ذكر
جولييت,أنثى
حدود,أنثى
رها,أنثى
كعبه,أنثى
مرين,أنثى
منتياس,ذكر
شوريف,ذكر
هندرى,ذكر
الا,أنثى
ثروه,أنثى
شلبيني,ذكر
ذينب,أنثى
تيجانى,ذكر
ابوحامد,ذكر
عبالعال,ذكر
نيرمان,أنثى
احمدالحداد,ذكر
ديردير,ذكر
عروج,ذكر
عبدالرووف,ذكر
شتات,ذكر
بخات,ذكر
يكن,ذكر
محمدالدرس,ذكر
حبلى,ذكر
حمصانى,ذكر
عفان,ذكر
محمدكولا,ذكر
حبللي,ذكر
طاب,ذكر
حلاوه,أنثى
الشاطر,ذكر
نلجح,ذكر
اليمني,ذكر
عونيه,ذكر
عبدالمتعم,ذكر
الأء,أنثى
جلود,ذكر
عبدالغتي,ذكر
جبلي,ذكر
شرشراوى,ذكر
حنيفه,ذكر
حميدة,أنثى
ارماني,ذكر
ايلارى,أنثى
سارة,أنثى
سوهيلا,أنثى
عبدالصابرين,ذكر
تعويضه,أنثى
صبحيه,أنثى
تفال,ذكر
نمرى,ذكر
حادى,ذكر
عبدو,ذكر
كاسب,ذكر
باتريسكا,أنثى
جوسيان,أنثى
ماجدا,أنثى
مرنه,أنثى
احمدعادل,ذكر
الغنايم,ذكر
ابوجرابيع,ذكر
اندريا,ذكر
ابوجربيع,ذكر
روماانى,ذكر
تيماثوس,ذكر
اولفت,أنثى
لويفى,ذكر
دحاب,أنثى
دخل,ذكر
بلعاط,ذكر
رويعى,ذكر
الراوي,ذكر
عذت,ذكر
عبدموسى,ذكر
روماني,ذكر
كترينا,أنثى
طويس,ذكر
حراجي,ذكر
ضوي,ذكر
الشربيني,ذكر
هواري,ذكر
ابومرز,ذكر
خليدى,ذكر
حارثه,ذكر
سلاقوس,ذكر
بدالعظيم,ذكر
زهرانه,أنثى
الغني,ذكر
فهيد,ذكر
عاهد,ذكر
شلابي,ذكر
جمعة,ذكر
هادي,ذكر
قويس,ذكر
نظم,ذكر
الشعراوى,ذكر
الديسطي,ذكر
خورشد,ذكر
وفقي,ذكر
دريمى,ذكر
مغيره,ذكر
نفاذه,أنثى
جودة,ذكر
ابوخيشة,ذكر
عبدالموجود,ذكر
حسام,ذكر
ألكيس,ذكر
البركوكي,ذكر
العطار,ذكر
حراز,ذكر
رولان,أنثى
زيد,ذكر
خفاجي,ذكر
مفرح,ذكر
المعين,ذكر
استفانوس,ذكر
خيري,ذكر
مينا,ذكر
نورا,ذكر
ويسا,أنثى
ياسمين,أنثى
حمد,ذكر
صلاح,ذكر
مصباح,ذكر
مرشدى,ذكر
رؤي,أنثى
مريم,أنثى
نعينع,ذكر
يمني,أنثى
سند,ذكر
الجعفرى,ذكر
حميد,ذكر
دمين,أنثى
سيد,أنثى
روان,أنثى
فريدة,أنثى
عبدالرشيد,ذكر
أدهم,ذكر
ميخائيل,ذكر
المطاوى,ذكر
فؤاد,ذكر
محمود,ذكر
كروليس,ذكر
ياسر,ذكر
نجيب,ذكر
كرلس,ذكر
ريم,أنثى
جون,ذكر
فرح,أنثى
جوري,أنثى
نادين,أنثى
نشوى,أنثى
مراد,أنثى
علاء,ذكر
بشرى,أنثى
جودة,ذكر
طاحون,ذكر
تغريد,أنثى
أمنية,أنثى
عشرة,ذكر
الحليم,ذكر
جيلان,أنثى
انطونيوس,ذكر
دعاء,أنثى
الفارسكوري,ذكر
شهد,أنثى
رضوى,أنثى
العزيز,ذكر
الفضالى,ذكر
الدكروري,ذكر
الجمال,ذكر
نورهان,أنثى
شوكت,ذكر
شموتي,ذكر
زكى,ذكر
الجداوي,ذكر
بيتر,ذكر
الحوساني,ذكر
منال,ذكر
النكري,ذكر
ميرا,أنثى
الطراوي,ذكر
باكينام,أنثى
عبدالهادى,ذكر
مرسي,ذكر
الرحمن,ذكر
فرحة,أنثى
الخميسي,ذكر
القط,ذكر
عبدالمطلب,ذكر
بيومي,ذكر
إنجي,أنثى
مشرف,ذكر
محمدين,ذكر
رفقة,أنثى
حجازي,ذكر
ندين,أنثى
قبيصى,ذكر
عبداللاه,ذكر
الشريف,ذكر
حسناء,أنثى
موبا,أنثى
إسماعيل,ذكر
شلبي,ذكر
حياء,أنثى
الرفاعي,ذكر
رغد,أنثى
عبدالدايم,ذكر
تالين,أنثى
ادهم,ذكر
عبدالمنعم,ذكر
امير,ذكر
امنيه,أنثى
سيف,ذكر
الرسول,ذكر
فاروق,ذكر
إيناس,أنثى
الحياة,أنثى
نوران,أنثى
سيرجي,ذكر
مروان,ذكر
بسام,ذكر
ماتا,ذكر
تالين,أنثى
الكليش,ذكر
المطاوي,ذكر
الشناوى,ذكر
أمل,أنثى
لطفي,ذكر
عبدالستار,ذكر
البير,ذكر
عبدالرحيم,ذكر
نوبي,ذكر
التميمي,ذكر
ابوزياده,ذكر
مختار,ذكر
منصور,ذكر
عبدالحميد,ذكر
زغبي,ذكر
موسي,ذكر
عنتر,ذكر
ندي,أنثى
عوبيا,ذكر
جنة,أنثى
يمنى,أنثى
الفضل,ذكر
اياد,ذكر
اسلام,ذكر
حافظ,ذكر
وجنات,أنثى
الحافظ,ذكر
طه,ذكر
الحسين,ذكر
جميل,ذكر
عبدالحافظ,ذكر
الطبي,ذكر
عبدالسميع,ذكر
الخير,ذكر
النصر,ذكر
حمزه,ذكر
صادق,ذكر
البنداري,ذكر
إيفون,أنثى
كورات,ذكر
ساره,أنثى
الصمان,ذكر
صوار,ذكر
ساويرس,ذكر
مهرائيل,أنثى
العباسي,ذكر
الباهي,ذكر
الكيس,ذكر
نوارا,أنثى
ياقوت,ذكر
رمسيس,ذكر
خليل,ذكر
قابيل,ذكر
همام,ذكر
ميلاد,ذكر
حلوجي,ذكر
الصابر,ذكر
حامد,ذكر
شامه,ذكر
مالك,ذكر
مصطفي,ذكر
رافت,ذكر
متولى,ذكر
أريك,أنثى
بسمة,أنثى
مرقس,ذكر
اية,أنثى
الإمام,ذكر
الفاروق,ذكر
فرّاخه,ذكر
مازن,ذكر
ميار,أنثى
يونس,ذكر
خديجة,أنثى
آسيل,أنثى
الشاذلي,ذكر
الشافعى,ذكر
شعبان,ذكر
صبرى,ذكر
راشد,ذكر
بدوي,ذكر
عفيفي,ذكر
توفيق,ذكر
سليم,ذكر
الفرماوى,ذكر
السعودي,ذكر
حفناوي,ذكر
ابو,ذكر
النبوي,ذكر
عبدالحي,ذكر
عبد,ذكر
فائز,ذكر
هيثم,ذكر
نور,أنثى
النهراوي,ذكر
نسيم,ذكر
حسن,ذكر
غرس,أنثى
زغلول,ذكر
كامل,ذكر
آية,أنثى
رضا,ذكر
عريضة,ذكر
اليزيد,ذكر
ناصف,ذكر
هلال,ذكر
رينا,أنثى
هانئ,ذكر
سارة,أنثى
سيد,ذكر
صابر,ذكر
رحاب,أنثى
الحسينى,ذكر
ويفر,ذكر
ريه,أنثى
كيرلس,ذكر
أشرف,ذكر
زكريا,ذكر
صفوت,ذكر
فاتن,أنثى
خاطر,ذكر
العظيم,ذكر
عطيفى,ذكر
امام,ذكر
برتي,أنثى
هدية,أنثى
شلباية,ذكر
مارينا,أنثى
حبيبه,أنثى
حميدة,ذكر
جعفر,ذكر
همس,أنثى
العدل,ذكر
ماجد,ذكر
انتصار,أنثى
النادي,ذكر
شاكر,ذكر
ندى,أنثى
ايمان,أنثى
النبى,ذكر
شلبى,ذكر
منصور,ذكر
ثابت,ذكر
خورشيد,ذكر
زايد,ذكر
هاجور,أنثى
أحمد,ذكر
الرياني,ذكر
جدالله,ذكر
أبوحطب,ذكر
نانسي,أنثى
الطنطاوي,ذكر
السعيدي,ذكر
هيلايل,أنثى
قاعود,ذكر
منيب,ذكر
بشرا,أنثى
حسونه,ذكر
حلواني,ذكر
النبي,ذكر
فيصل,ذكر
الخالق,ذكر
قطب,ذكر
حطاب,ذكر
خلود,أنثى
مونيكا,أنثى
هبة,أنثى
مايكل,ذكر
جاستن,أنثى
قنديل,ذكر
ميران,أنثى
خلف,ذكر
منزاع,ذكر
غفران,أنثى
أنطونيوس,ذكر
فدوى,أنثى
خميس,ذكر
محارم,ذكر
نجدى,أنثى
نسما,أنثى
نعمة,أنثى
هند,أنثى
مريهان,أنثى
الاء,أنثى
زهران,ذكر
أشرقت,أنثى
وهبي,ذكر
أسامة,ذكر
عكاشة,ذكر
أسماء,أنثى
رأفت,ذكر
مروة,أنثى
دوابا,أنثى
حسنين,ذكر
رائد,ذكر
وائل,ذكر
الهريجى,ذكر
احمد,ذكر
سامح,ذكر
مسعد,ذكر
تريزا,أنثى
سليمان,ذكر
مي,أنثى
فريحه,أنثى
عباسي,أنثى
لبيب,ذكر
عباس,ذكر
محيي,ذكر
چويرية,أنثى
ضيف,ذكر
العدوي,ذكر
وسام,أنثى
عبدالمغني,ذكر
عطيفي,ذكر
نهي,أنثى
اداريه,أنثى
أنور,ذكر
صفاء,أنثى
رانيا,أنثى
سلامة,ذكر
الحضري,ذكر
روماني,ذكر
رجب,ذكر
رمضان,ذكر
العجمي,ذكر
عرفة,ذكر
علياء,أنثى
وجيه,ذكر
علي,ذكر
عزيز,ذكر
جامع,ذكر
الحداد,ذكر
عبدالرؤوف,ذكر
هانى,ذكر
خيرالله,ذكر
سجدة,أنثى
حسني,ذكر
البهي,ذكر
أكرم,ذكر
شيرين,أنثى
شيرين,أنثى
رامى,ذكر
الشحي,ذكر
آياد,ذكر
سرحان,ذكر
سيلفانا,أنثى
عادل,ذكر
المقصود,ذكر
مؤيد,ذكر
عسكر,ذكر
فرج,ذكر
امام,ذكر
أندرو,ذكر
ناثان,أنثى
اليزل,ذكر
حجاج,ذكر
مصطفي,ذكر
فريد,ذكر
البرقوقي,ذكر
لينا,أنثى
اخلاد,أنثى
آتا,أنثى
ارساني,ذكر
عبدالحليم,ذكر
يسري,ذكر
وسيم,ذكر
مرسى,ذكر
غريب,ذكر
قال,ذكر
الشراع,ذكر
صباح,أنثى
حمزه,ذكر
المطلب,ذكر
رياض,ذكر
الكومي,ذكر
اصوفي,ذكر
عطيتو,ذكر
الديب,ذكر
السمنتى,ذكر
نمر,ذكر
إبراهيم,ذكر
آدم,ذكر
الجندي,ذكر
روقية,أنثى
عبدالعليم,ذكر
اسحاق,ذكر
الرشيدى,ذكر
عمار,ذكر
المعطي,ذكر
الليثي,ذكر
نسمة,أنثى
سمية,أنثى
رزان,أنثى
عيسي,ذكر
فوزي,ذكر
الفاضل,ذكر
عطيه,ذكر
الله,ذكر
مناح,ذكر
ناصر,ذكر
معاذ,ذكر
الفجية,ذكر
خليفة,ذكر
سلامه,ذكر
عبدالماجد,ذكر
الطيب,ذكر
صديق,ذكر
النزيلى,ذكر
بنداري,ذكر
بدر,ذكر
الجراح,ذكر
قناوي,ذكر
رشا,أنثى
عبدالغفار,ذكر
البدراوي,ذكر
جاد,ذكر
براء,ذكر
معلومات,أنثى
رامون,ذكر
الشرقاوى,ذكر
دانيا,أنثى
يسره,أنثى
الجلاد,ذكر
النجار,ذكر
الدهيمي,ذكر
فريحة,أنثى
عمادالدين,ذكر
الغريب,ذكر
الجريتلي,ذكر
إس,ذكر
الصافي,ذكر
كيريلوس,ذكر
عمارة,ذكر
رجائي,ذكر
شوقى,ذكر
هيبه,ذكر
محب,ذكر
الامام,ذكر
يعقوب,ذكر
جوزفين,أنثى
مسلم,ذكر
حور,أنثى
نمير,أنثى
سمار,ذكر
الرحيم,ذكر
تسنيم,أنثى
أسراء,أنثى
المتولي,ذكر
البردان,ذكر
مبروك,ذكر
ضياء,ذكر
حنا,ذكر
عيسى,ذكر
حامد,ذكر
مؤمن,ذكر
رقية,أنثى
معوض,ذكر
امين,ذكر
يس,ذكر
الخولي,ذكر
عبدالوهاب,ذكر
ابرام,ذكر
الدكر,ذكر
الخواجة,ذكر
زينب,أنثى
كريم,ذكر
سهيلة,أنثى
دارين,أنثى
عزت,ذكر
الزيات,ذكر
سابت,أنثى
منات,أنثى
حماد,ذكر
منيا,أنثى
الوهاب,ذكر
غزالي,ذكر
عبدالله,ذكر
هالة,أنثى
الزهار,ذكر
الليل,ذكر
ذياد,ذكر
ماريو,ذكر
مجاهد,ذكر
حرب,ذكر
ديل,أنثى
عنانى,ذكر
أبوالفتوح,ذكر
إيمان,أنثى
أبوالعلا,ذكر
ناجي,ذكر
فانوس,ذكر
ريتاج,أنثى
محمد,ذكر
مصفى,ذكر
الشركسي,ذكر
فائق,ذكر
هويدي,ذكر
ليان,أنثى
باسين,أنثى
الغني,ذكر
السميس,ذكر
إلهام,أنثى
كارما,أنثى
الفتح,ذكر
حراء,أنثى
مخيمر,ذكر
ابوالنيل,ذكر
دوحة,أنثى
نورالهدى,أنثى
إيهاب,ذكر
بيار,أنثى
ميرنا,أنثى
عبدالرازق,ذكر
فاطمه,أنثى
المالك,ذكر
محيى,ذكر
بسنت,أنثى
ابوعميره,ذكر
مهاب,ذكر
ابوورده,ذكر
مها,أنثى
عماد,ذكر
حسام,ذكر
مرڤت,أنثى
الوقاد,ذكر
تهامي,ذكر
قدري,ذكر
سيام,أنثى
السعود,ذكر
الصاوي,ذكر
بشير,ذكر
يحييي,ذكر
هاجر,أنثى
فتوح,ذكر
مرتضى,ذكر
الحاوي,ذكر
حلمى,ذكر
جابر,ذكر
المنعم,ذكر
مجدي,ذكر
جمانة,أنثى
الشواف,ذكر
علام,ذكر
شبل,ذكر
البرنس,ذكر
يسرا,أنثى
الابحار,ذكر
جبر,ذكر
عبدالفتاح,ذكر
ديفيد,ذكر
هدير,أنثى
الصباغ,ذكر
ادريس,ذكر
رويدا,أنثى
عبداللة,ذكر
المحلمي,ذكر
علي,ذكر
الأزهرى,ذكر
الريَّاني,ذكر
خالد,ذكر
زياد,ذكر
شكر,أنثى
مرزوق,ذكر
اسراء,أنثى
جرجس,ذكر
ونس,أنثى
تسجيل,أنثى
حبيبة,أنثى
يحي,ذكر
جمعة,ذكر
نبيل,ذكر
حبيب,ذكر
الأبيض,ذكر
سراء,أنثى
اسماعيل,ذكر
الحفيظ,ذكر
زين,ذكر
دسوقي,ذكر
نبيه,ذكر
يارا,أنثى
بسمله,أنثى
تيا,أنثى
أدهمي,ذكر
نهال,أنثى
الدين,ذكر
طبانه,ذكر
روبي,أنثى
حنفي,ذكر
فيروز,أنثى
فتحي,ذكر
نظم,أنثى
بسملة,أنثى
هشام,ذكر
حسيب,ذكر
المنجي,ذكر
الحمد,ذكر
رشوان,ذكر
رحمة,أنثى
لمار,أنثى
العوضي,ذكر
نانيس,أنثى
البدوي,ذكر
مبارك,ذكر
محفوظ,ذكر
لارين,أنثى
طوى,أنثى
عبدالونيس,ذكر
الدرينى,ذكر
الأمير,ذكر
يحيي,ذكر
نادي,ذكر
الصفتى,ذكر
سودان,أنثى
السعيد,ذكر
صابري,ذكر
ايفون,أنثى
عطوان,ذكر
مكرم,ذكر
عبدالغني,ذكر
وئام,أنثى
مرعي,ذكر
حنان,أنثى
ظريف,ذكر
أياد,ذكر
أيمن,ذكر
رحمه,أنثى
ردينه,أنثى
فهمي,ذكر
فايد,ذكر
امانى,أنثى
بكير,أنثى
عجمى,ذكر
ساندرا,أنثى
منسى,ذكر
فايز,ذكر
رضوان,ذكر
مرام,أنثى
حمودة,ذكر
الناصر,ذكر
صبا,أنثى
كارم,ذكر
بلال,ذكر
موسى,ذكر
جوزيف,ذكر
منة,أنثى
الهابيت,ذكر
حلمي,ذكر
بحيري,ذكر
لُجين,أنثى
شوقي,ذكر
العجوز,ذكر
السلام,ذكر
الخولي,ذكر
فادي,ذكر
رامي,ذكر
الحسيني,ذكر
التيجاني,ذكر
عبدالصبور,ذكر
يوسف,ذكر
الهابط,ذكر
الجهلان,ذكر
التهامي,ذكر
عبدالخالق,ذكر
ابرهيم,ذكر
شهاب,ذكر
إمام,ذكر
نيفرت,أنثى
الستار,ذكر
عبد الحميد,ذكر
حمدي,ذكر
الازهري,ذكر
العسل,ذكر
مصطفى,ذكر
أبوزهرة,ذكر
امل,أنثى
باسانت,أنثى
الرجال,ذكر
يحي,ذكر
حسانين,ذكر
عصر,أنثى
